date,value,retrieved_at
1871-01-01,12.46,2026-08-09T06:38:28.037897+00:00
1871-02-01,12.84,2026-08-09T06:38:28.037897+00:00
1871-03-01,13.03,2026-08-09T06:38:28.037897+00:00
1871-04-01,12.56,2026-08-09T06:38:28.037897+00:00
1871-05-01,12.27,2026-08-09T06:38:28.037897+00:00
1871-06-01,12.08,2026-08-09T06:38:28.037897+00:00
1871-07-01,12.08,2026-08-09T06:38:28.037897+00:00
1871-08-01,11.89,2026-08-09T06:38:28.037897+00:00
1871-09-01,12.18,2026-08-09T06:38:28.037897+00:00
1871-10-01,12.37,2026-08-09T06:38:28.037897+00:00
1871-11-01,12.37,2026-08-09T06:38:28.037897+00:00
1871-12-01,12.65,2026-08-09T06:38:28.037897+00:00
1872-01-01,12.65,2026-08-09T06:38:28.037897+00:00
1872-02-01,12.65,2026-08-09T06:38:28.037897+00:00
1872-03-01,12.84,2026-08-09T06:38:28.037897+00:00
1872-04-01,13.13,2026-08-09T06:38:28.037897+00:00
1872-05-01,13.13,2026-08-09T06:38:28.037897+00:00
1872-06-01,13.03,2026-08-09T06:38:28.037897+00:00
1872-07-01,12.84,2026-08-09T06:38:28.037897+00:00
1872-08-01,12.94,2026-08-09T06:38:28.037897+00:00
1872-09-01,13.03,2026-08-09T06:38:28.037897+00:00
1872-10-01,12.75,2026-08-09T06:38:28.037897+00:00
1872-11-01,13.13,2026-08-09T06:38:28.037897+00:00
1872-12-01,12.94,2026-08-09T06:38:28.037897+00:00
1873-01-01,12.94,2026-08-09T06:38:28.037897+00:00
1873-02-01,13.23,2026-08-09T06:38:28.037897+00:00
1873-03-01,13.23,2026-08-09T06:38:28.037897+00:00
1873-04-01,13.23,2026-08-09T06:38:28.037897+00:00
1873-05-01,12.94,2026-08-09T06:38:28.037897+00:00
1873-06-01,12.56,2026-08-09T06:38:28.037897+00:00
1873-07-01,12.56,2026-08-09T06:38:28.037897+00:00
1873-08-01,12.56,2026-08-09T06:38:28.037897+00:00
1873-09-01,12.56,2026-08-09T06:38:28.037897+00:00
1873-10-01,12.27,2026-08-09T06:38:28.037897+00:00
1873-11-01,11.89,2026-08-09T06:38:28.037897+00:00
1873-12-01,12.18,2026-08-09T06:38:28.037897+00:00
1874-01-01,12.37,2026-08-09T06:38:28.037897+00:00
1874-02-01,12.37,2026-08-09T06:38:28.037897+00:00
1874-03-01,12.37,2026-08-09T06:38:28.037897+00:00
1874-04-01,12.18,2026-08-09T06:38:28.037897+00:00
1874-05-01,12.08,2026-08-09T06:38:28.037897+00:00
1874-06-01,11.8,2026-08-09T06:38:28.037897+00:00
1874-07-01,11.89,2026-08-09T06:38:28.037897+00:00
1874-08-01,11.8,2026-08-09T06:38:28.037897+00:00
1874-09-01,11.8,2026-08-09T06:38:28.037897+00:00
1874-10-01,11.61,2026-08-09T06:38:28.037897+00:00
1874-11-01,11.51,2026-08-09T06:38:28.037897+00:00
1874-12-01,11.51,2026-08-09T06:38:28.037897+00:00
1875-01-01,11.51,2026-08-09T06:38:28.037897+00:00
1875-02-01,11.51,2026-08-09T06:38:28.037897+00:00
1875-03-01,11.51,2026-08-09T06:38:28.037897+00:00
1875-04-01,11.61,2026-08-09T06:38:28.037897+00:00
1875-05-01,11.32,2026-08-09T06:38:28.037897+00:00
1875-06-01,11.13,2026-08-09T06:38:28.037897+00:00
1875-07-01,11.13,2026-08-09T06:38:28.037897+00:00
1875-08-01,11.23,2026-08-09T06:38:28.037897+00:00
1875-09-01,11.13,2026-08-09T06:38:28.037897+00:00
1875-10-01,11.13,2026-08-09T06:38:28.037897+00:00
1875-11-01,11.04,2026-08-09T06:38:28.037897+00:00
1875-12-01,10.94,2026-08-09T06:38:28.037897+00:00
1876-01-01,10.85,2026-08-09T06:38:28.037897+00:00
1876-02-01,10.85,2026-08-09T06:38:28.037897+00:00
1876-03-01,10.85,2026-08-09T06:38:28.037897+00:00
1876-04-01,10.75,2026-08-09T06:38:28.037897+00:00
1876-05-01,10.37,2026-08-09T06:38:28.037897+00:00
1876-06-01,10.09,2026-08-09T06:38:28.037897+00:00
1876-07-01,10.09,2026-08-09T06:38:28.037897+00:00
1876-08-01,10.18,2026-08-09T06:38:28.037897+00:00
1876-09-01,10.28,2026-08-09T06:38:28.037897+00:00
1876-10-01,10.47,2026-08-09T06:38:28.037897+00:00
1876-11-01,10.56,2026-08-09T06:38:28.037897+00:00
1876-12-01,10.75,2026-08-09T06:38:28.037897+00:00
1877-01-01,10.94,2026-08-09T06:38:28.037897+00:00
1877-02-01,10.66,2026-08-09T06:38:28.037897+00:00
1877-03-01,10.18,2026-08-09T06:38:28.037897+00:00
1877-04-01,10.47,2026-08-09T06:38:28.037897+00:00
1877-05-01,10.66,2026-08-09T06:38:28.037897+00:00
1877-06-01,10.09,2026-08-09T06:38:28.037897+00:00
1877-07-01,10.18,2026-08-09T06:38:28.037897+00:00
1877-08-01,9.8,2026-08-09T06:38:28.037897+00:00
1877-09-01,9.7,2026-08-09T06:38:28.037897+00:00
1877-10-01,9.7,2026-08-09T06:38:28.037897+00:00
1877-11-01,9.51,2026-08-09T06:38:28.037897+00:00
1877-12-01,9.51,2026-08-09T06:38:28.037897+00:00
1878-01-01,9.23,2026-08-09T06:38:28.037897+00:00
1878-02-01,9.13,2026-08-09T06:38:28.037897+00:00
1878-03-01,8.94,2026-08-09T06:38:28.037897+00:00
1878-04-01,8.85,2026-08-09T06:38:28.037897+00:00
1878-05-01,8.56,2026-08-09T06:38:28.037897+00:00
1878-06-01,8.37,2026-08-09T06:38:28.037897+00:00
1878-07-01,8.47,2026-08-09T06:38:28.037897+00:00
1878-08-01,8.56,2026-08-09T06:38:28.037897+00:00
1878-09-01,8.56,2026-08-09T06:38:28.037897+00:00
1878-10-01,8.47,2026-08-09T06:38:28.037897+00:00
1878-11-01,8.37,2026-08-09T06:38:28.037897+00:00
1878-12-01,8.18,2026-08-09T06:38:28.037897+00:00
1879-01-01,8.28,2026-08-09T06:38:28.037897+00:00
1879-02-01,8.37,2026-08-09T06:38:28.037897+00:00
1879-03-01,8.28,2026-08-09T06:38:28.037897+00:00
1879-04-01,8.18,2026-08-09T06:38:28.037897+00:00
1879-05-01,8.18,2026-08-09T06:38:28.037897+00:00
1879-06-01,8.09,2026-08-09T06:38:28.037897+00:00
1879-07-01,8.18,2026-08-09T06:38:28.037897+00:00
1879-08-01,8.18,2026-08-09T06:38:28.037897+00:00
1879-09-01,8.47,2026-08-09T06:38:28.037897+00:00
1879-10-01,8.94,2026-08-09T06:38:28.037897+00:00
1879-11-01,9.42,2026-08-09T06:38:28.037897+00:00
1879-12-01,9.7,2026-08-09T06:38:28.037897+00:00
1880-01-01,9.99,2026-08-09T06:38:28.037897+00:00
1880-02-01,9.99,2026-08-09T06:38:28.037897+00:00
1880-03-01,10.09,2026-08-09T06:38:28.037897+00:00
1880-04-01,9.7,2026-08-09T06:38:28.037897+00:00
1880-05-01,9.42,2026-08-09T06:38:28.037897+00:00
1880-06-01,9.23,2026-08-09T06:38:28.037897+00:00
1880-07-01,9.23,2026-08-09T06:38:28.037897+00:00
1880-08-01,9.23,2026-08-09T06:38:28.037897+00:00
1880-09-01,9.32,2026-08-09T06:38:28.037897+00:00
1880-10-01,9.32,2026-08-09T06:38:28.037897+00:00
1880-11-01,9.42,2026-08-09T06:38:28.037897+00:00
1880-12-01,9.51,2026-08-09T06:38:28.037897+00:00
1881-01-01,9.42,2026-08-09T06:38:28.037897+00:00
1881-02-01,9.51,2026-08-09T06:38:28.037897+00:00
1881-03-01,9.51,2026-08-09T06:38:28.037897+00:00
1881-04-01,9.61,2026-08-09T06:38:28.037897+00:00
1881-05-01,9.51,2026-08-09T06:38:28.037897+00:00
1881-06-01,9.51,2026-08-09T06:38:28.037897+00:00
1881-07-01,9.61,2026-08-09T06:38:28.037897+00:00
1881-08-01,9.8,2026-08-09T06:38:28.037897+00:00
1881-09-01,10.18,2026-08-09T06:38:28.037897+00:00
1881-10-01,10.28,2026-08-09T06:38:28.037897+00:00
1881-11-01,10.18,2026-08-09T06:38:28.037897+00:00
1881-12-01,10.18,2026-08-09T06:38:28.037897+00:00
1882-01-01,10.18,2026-08-09T06:38:28.037897+00:00
1882-02-01,10.28,2026-08-09T06:38:28.037897+00:00
1882-03-01,10.28,2026-08-09T06:38:28.037897+00:00
1882-04-01,10.37,2026-08-09T06:38:28.037897+00:00
1882-05-01,10.47,2026-08-09T06:38:28.037897+00:00
1882-06-01,10.56,2026-08-09T06:38:28.037897+00:00
1882-07-01,10.47,2026-08-09T06:38:28.037897+00:00
1882-08-01,10.56,2026-08-09T06:38:28.037897+00:00
1882-09-01,10.28,2026-08-09T06:38:28.037897+00:00
1882-10-01,10.18,2026-08-09T06:38:28.037897+00:00
1882-11-01,10.09,2026-08-09T06:38:28.037897+00:00
1882-12-01,9.99,2026-08-09T06:38:28.037897+00:00
1883-01-01,9.99,2026-08-09T06:38:28.037897+00:00
1883-02-01,10.09,2026-08-09T06:38:28.037897+00:00
1883-03-01,9.99,2026-08-09T06:38:28.037897+00:00
1883-04-01,9.9,2026-08-09T06:38:28.037897+00:00
1883-05-01,9.8,2026-08-09T06:38:28.037897+00:00
1883-06-01,9.51,2026-08-09T06:38:28.037897+00:00
1883-07-01,9.32,2026-08-09T06:38:28.037897+00:00
1883-08-01,9.32,2026-08-09T06:38:28.037897+00:00
1883-09-01,9.23,2026-08-09T06:38:28.037897+00:00
1883-10-01,9.23,2026-08-09T06:38:28.037897+00:00
1883-11-01,9.13,2026-08-09T06:38:28.037897+00:00
1883-12-01,9.23,2026-08-09T06:38:28.037897+00:00
1884-01-01,9.23,2026-08-09T06:38:28.037897+00:00
1884-02-01,9.23,2026-08-09T06:38:28.037897+00:00
1884-03-01,9.23,2026-08-09T06:38:28.037897+00:00
1884-04-01,9.04,2026-08-09T06:38:28.037897+00:00
1884-05-01,8.85,2026-08-09T06:38:28.037897+00:00
1884-06-01,8.85,2026-08-09T06:38:28.037897+00:00
1884-07-01,8.75,2026-08-09T06:38:28.037897+00:00
1884-08-01,8.75,2026-08-09T06:38:28.037897+00:00
1884-09-01,8.66,2026-08-09T06:38:28.037897+00:00
1884-10-01,8.56,2026-08-09T06:38:28.037897+00:00
1884-11-01,8.37,2026-08-09T06:38:28.037897+00:00
1884-12-01,8.28,2026-08-09T06:38:28.037897+00:00
1885-01-01,8.28,2026-08-09T06:38:28.037897+00:00
1885-02-01,8.37,2026-08-09T06:38:28.037897+00:00
1885-03-01,8.18,2026-08-09T06:38:28.037897+00:00
1885-04-01,8.28,2026-08-09T06:38:28.037897+00:00
1885-05-01,8.09,2026-08-09T06:38:28.037897+00:00
1885-06-01,7.9,2026-08-09T06:38:28.037897+00:00
1885-07-01,7.99,2026-08-09T06:38:28.037897+00:00
1885-08-01,7.99,2026-08-09T06:38:28.037897+00:00
1885-09-01,7.9,2026-08-09T06:38:28.037897+00:00
1885-10-01,7.9,2026-08-09T06:38:28.037897+00:00
1885-11-01,7.99,2026-08-09T06:38:28.037897+00:00
1885-12-01,8.18,2026-08-09T06:38:28.037897+00:00
1886-01-01,7.99,2026-08-09T06:38:28.037897+00:00
1886-02-01,7.99,2026-08-09T06:38:28.037897+00:00
1886-03-01,7.9,2026-08-09T06:38:28.037897+00:00
1886-04-01,7.8,2026-08-09T06:38:28.037897+00:00
1886-05-01,7.61,2026-08-09T06:38:28.037897+00:00
1886-06-01,7.52,2026-08-09T06:38:28.037897+00:00
1886-07-01,7.61,2026-08-09T06:38:28.037897+00:00
1886-08-01,7.71,2026-08-09T06:38:28.037897+00:00
1886-09-01,7.71,2026-08-09T06:38:28.037897+00:00
1886-10-01,7.71,2026-08-09T06:38:28.037897+00:00
1886-11-01,7.71,2026-08-09T06:38:28.037897+00:00
1886-12-01,7.8,2026-08-09T06:38:28.037897+00:00
1887-01-01,7.99,2026-08-09T06:38:28.037897+00:00
1887-02-01,8.09,2026-08-09T06:38:28.037897+00:00
1887-03-01,8.09,2026-08-09T06:38:28.037897+00:00
1887-04-01,8.09,2026-08-09T06:38:28.037897+00:00
1887-05-01,8.09,2026-08-09T06:38:28.037897+00:00
1887-06-01,7.99,2026-08-09T06:38:28.037897+00:00
1887-07-01,7.9,2026-08-09T06:38:28.037897+00:00
1887-08-01,7.99,2026-08-09T06:38:28.037897+00:00
1887-09-01,7.9,2026-08-09T06:38:28.037897+00:00
1887-10-01,7.99,2026-08-09T06:38:28.037897+00:00
1887-11-01,8.09,2026-08-09T06:38:28.037897+00:00
1887-12-01,8.28,2026-08-09T06:38:28.037897+00:00
1888-01-01,8.37,2026-08-09T06:38:28.037897+00:00
1888-02-01,8.28,2026-08-09T06:38:28.037897+00:00
1888-03-01,8.28,2026-08-09T06:38:28.037897+00:00
1888-04-01,8.18,2026-08-09T06:38:28.037897+00:00
1888-05-01,8.09,2026-08-09T06:38:28.037897+00:00
1888-06-01,7.99,2026-08-09T06:38:28.037897+00:00
1888-07-01,8.09,2026-08-09T06:38:28.037897+00:00
1888-08-01,8.09,2026-08-09T06:38:28.037897+00:00
1888-09-01,8.09,2026-08-09T06:38:28.037897+00:00
1888-10-01,8.18,2026-08-09T06:38:28.037897+00:00
1888-11-01,8.28,2026-08-09T06:38:28.037897+00:00
1888-12-01,8.28,2026-08-09T06:38:28.037897+00:00
1889-01-01,7.99,2026-08-09T06:38:28.037897+00:00
1889-02-01,7.9,2026-08-09T06:38:28.037897+00:00
1889-03-01,7.8,2026-08-09T06:38:28.037897+00:00
1889-04-01,7.8,2026-08-09T06:38:28.037897+00:00
1889-05-01,7.61,2026-08-09T06:38:28.037897+00:00
1889-06-01,7.61,2026-08-09T06:38:28.037897+00:00
1889-07-01,7.61,2026-08-09T06:38:28.037897+00:00
1889-08-01,7.61,2026-08-09T06:38:28.037897+00:00
1889-09-01,7.71,2026-08-09T06:38:28.037897+00:00
1889-10-01,7.71,2026-08-09T06:38:28.037897+00:00
1889-11-01,7.71,2026-08-09T06:38:28.037897+00:00
1889-12-01,7.8,2026-08-09T06:38:28.037897+00:00
1890-01-01,7.61,2026-08-09T06:38:28.037897+00:00
1890-02-01,7.61,2026-08-09T06:38:28.037897+00:00
1890-03-01,7.61,2026-08-09T06:38:28.037897+00:00
1890-04-01,7.61,2026-08-09T06:38:28.037897+00:00
1890-05-01,7.71,2026-08-09T06:38:28.037897+00:00
1890-06-01,7.71,2026-08-09T06:38:28.037897+00:00
1890-07-01,7.71,2026-08-09T06:38:28.037897+00:00
1890-08-01,7.99,2026-08-09T06:38:28.037897+00:00
1890-09-01,8.09,2026-08-09T06:38:28.037897+00:00
1890-10-01,8.09,2026-08-09T06:38:28.037897+00:00
1890-11-01,7.9,2026-08-09T06:38:28.037897+00:00
1890-12-01,7.9,2026-08-09T06:38:28.037897+00:00
1891-01-01,7.8,2026-08-09T06:38:28.037897+00:00
1891-02-01,7.9,2026-08-09T06:38:28.037897+00:00
1891-03-01,7.99,2026-08-09T06:38:28.037897+00:00
1891-04-01,8.09,2026-08-09T06:38:28.037897+00:00
1891-05-01,7.99,2026-08-09T06:38:28.037897+00:00
1891-06-01,7.8,2026-08-09T06:38:28.037897+00:00
1891-07-01,7.71,2026-08-09T06:38:28.037897+00:00
1891-08-01,7.71,2026-08-09T06:38:28.037897+00:00
1891-09-01,7.61,2026-08-09T06:38:28.037897+00:00
1891-10-01,7.61,2026-08-09T06:38:28.037897+00:00
1891-11-01,7.52,2026-08-09T06:38:28.037897+00:00
1891-12-01,7.52,2026-08-09T06:38:28.037897+00:00
1892-01-01,7.33,2026-08-09T06:38:28.037897+00:00
1892-02-01,7.33,2026-08-09T06:38:28.037897+00:00
1892-03-01,7.14,2026-08-09T06:38:28.037897+00:00
1892-04-01,7.04,2026-08-09T06:38:28.037897+00:00
1892-05-01,7.04,2026-08-09T06:38:28.037897+00:00
1892-06-01,7.04,2026-08-09T06:38:28.037897+00:00
1892-07-01,7.23,2026-08-09T06:38:28.037897+00:00
1892-08-01,7.33,2026-08-09T06:38:28.037897+00:00
1892-09-01,7.33,2026-08-09T06:38:28.037897+00:00
1892-10-01,7.33,2026-08-09T06:38:28.037897+00:00
1892-11-01,7.52,2026-08-09T06:38:28.037897+00:00
1892-12-01,7.61,2026-08-09T06:38:28.037897+00:00
1893-01-01,7.9,2026-08-09T06:38:28.037897+00:00
1893-02-01,7.99,2026-08-09T06:38:28.037897+00:00
1893-03-01,7.8,2026-08-09T06:38:28.037897+00:00
1893-04-01,7.71,2026-08-09T06:38:28.037897+00:00
1893-05-01,7.61,2026-08-09T06:38:28.037897+00:00
1893-06-01,7.42,2026-08-09T06:38:28.037897+00:00
1893-07-01,7.23,2026-08-09T06:38:28.037897+00:00
1893-08-01,6.95,2026-08-09T06:38:28.037897+00:00
1893-09-01,7.23,2026-08-09T06:38:28.037897+00:00
1893-10-01,7.33,2026-08-09T06:38:28.037897+00:00
1893-11-01,7.14,2026-08-09T06:38:28.037897+00:00
1893-12-01,7.04,2026-08-09T06:38:28.037897+00:00
1894-01-01,6.85,2026-08-09T06:38:28.037897+00:00
1894-02-01,6.76,2026-08-09T06:38:28.037897+00:00
1894-03-01,6.57,2026-08-09T06:38:28.037897+00:00
1894-04-01,6.57,2026-08-09T06:38:28.037897+00:00
1894-05-01,6.57,2026-08-09T06:38:28.037897+00:00
1894-06-01,6.57,2026-08-09T06:38:28.037897+00:00
1894-07-01,6.57,2026-08-09T06:38:28.037897+00:00
1894-08-01,6.76,2026-08-09T06:38:28.037897+00:00
1894-09-01,6.85,2026-08-09T06:38:28.037897+00:00
1894-10-01,6.66,2026-08-09T06:38:28.037897+00:00
1894-11-01,6.66,2026-08-09T06:38:28.037897+00:00
1894-12-01,6.57,2026-08-09T06:38:28.037897+00:00
1895-01-01,6.57,2026-08-09T06:38:28.037897+00:00
1895-02-01,6.57,2026-08-09T06:38:28.037897+00:00
1895-03-01,6.57,2026-08-09T06:38:28.037897+00:00
1895-04-01,6.85,2026-08-09T06:38:28.037897+00:00
1895-05-01,6.95,2026-08-09T06:38:28.037897+00:00
1895-06-01,7.04,2026-08-09T06:38:28.037897+00:00
1895-07-01,6.95,2026-08-09T06:38:28.037897+00:00
1895-08-01,6.85,2026-08-09T06:38:28.037897+00:00
1895-09-01,6.85,2026-08-09T06:38:28.037897+00:00
1895-10-01,6.85,2026-08-09T06:38:28.037897+00:00
1895-11-01,6.85,2026-08-09T06:38:28.037897+00:00
1895-12-01,6.76,2026-08-09T06:38:28.037897+00:00
1896-01-01,6.66,2026-08-09T06:38:28.037897+00:00
1896-02-01,6.57,2026-08-09T06:38:28.037897+00:00
1896-03-01,6.57,2026-08-09T06:38:28.037897+00:00
1896-04-01,6.47,2026-08-09T06:38:28.037897+00:00
1896-05-01,6.37,2026-08-09T06:38:28.037897+00:00
1896-06-01,6.28,2026-08-09T06:38:28.037897+00:00
1896-07-01,6.28,2026-08-09T06:38:28.037897+00:00
1896-08-01,6.28,2026-08-09T06:38:28.037897+00:00
1896-09-01,6.28,2026-08-09T06:38:28.037897+00:00
1896-10-01,6.47,2026-08-09T06:38:28.037897+00:00
1896-11-01,6.66,2026-08-09T06:38:28.037897+00:00
1896-12-01,6.66,2026-08-09T06:38:28.037897+00:00
1897-01-01,6.47,2026-08-09T06:38:28.037897+00:00
1897-02-01,6.47,2026-08-09T06:38:28.037897+00:00
1897-03-01,6.47,2026-08-09T06:38:28.037897+00:00
1897-04-01,6.37,2026-08-09T06:38:28.037897+00:00
1897-05-01,6.28,2026-08-09T06:38:28.037897+00:00
1897-06-01,6.28,2026-08-09T06:38:28.037897+00:00
1897-07-01,6.28,2026-08-09T06:38:28.037897+00:00
1897-08-01,6.57,2026-08-09T06:38:28.037897+00:00
1897-09-01,6.76,2026-08-09T06:38:28.037897+00:00
1897-10-01,6.66,2026-08-09T06:38:28.037897+00:00
1897-11-01,6.66,2026-08-09T06:38:28.037897+00:00
1897-12-01,6.66,2026-08-09T06:38:28.037897+00:00
1898-01-01,6.66,2026-08-09T06:38:28.037897+00:00
1898-02-01,6.76,2026-08-09T06:38:28.037897+00:00
1898-03-01,6.76,2026-08-09T06:38:28.037897+00:00
1898-04-01,6.76,2026-08-09T06:38:28.037897+00:00
1898-05-01,7.23,2026-08-09T06:38:28.037897+00:00
1898-06-01,6.76,2026-08-09T06:38:28.037897+00:00
1898-07-01,6.66,2026-08-09T06:38:28.037897+00:00
1898-08-01,6.66,2026-08-09T06:38:28.037897+00:00
1898-09-01,6.66,2026-08-09T06:38:28.037897+00:00
1898-10-01,6.66,2026-08-09T06:38:28.037897+00:00
1898-11-01,6.66,2026-08-09T06:38:28.037897+00:00
1898-12-01,6.76,2026-08-09T06:38:28.037897+00:00
1899-01-01,6.76,2026-08-09T06:38:28.037897+00:00
1899-02-01,6.95,2026-08-09T06:38:28.037897+00:00
1899-03-01,6.95,2026-08-09T06:38:28.037897+00:00
1899-04-01,7.04,2026-08-09T06:38:28.037897+00:00
1899-05-01,7.04,2026-08-09T06:38:28.037897+00:00
1899-06-01,7.14,2026-08-09T06:38:28.037897+00:00
1899-07-01,7.23,2026-08-09T06:38:28.037897+00:00
1899-08-01,7.33,2026-08-09T06:38:28.037897+00:00
1899-09-01,7.61,2026-08-09T06:38:28.037897+00:00
1899-10-01,7.71,2026-08-09T06:38:28.037897+00:00
1899-11-01,7.8,2026-08-09T06:38:28.037897+00:00
1899-12-01,7.9,2026-08-09T06:38:28.037897+00:00
1900-01-01,7.9,2026-08-09T06:38:28.037897+00:00
1900-02-01,7.99,2026-08-09T06:38:28.037897+00:00
1900-03-01,7.99,2026-08-09T06:38:28.037897+00:00
1900-04-01,7.99,2026-08-09T06:38:28.037897+00:00
1900-05-01,7.8,2026-08-09T06:38:28.037897+00:00
1900-06-01,7.71,2026-08-09T06:38:28.037897+00:00
1900-07-01,7.8,2026-08-09T06:38:28.037897+00:00
1900-08-01,7.71,2026-08-09T06:38:28.037897+00:00
1900-09-01,7.8,2026-08-09T06:38:28.037897+00:00
1900-10-01,7.71,2026-08-09T06:38:28.037897+00:00
1900-11-01,7.71,2026-08-09T06:38:28.037897+00:00
1900-12-01,7.61,2026-08-09T06:38:28.037897+00:00
1901-01-01,7.71,2026-08-09T06:38:28.037897+00:00
1901-02-01,7.61,2026-08-09T06:38:28.037897+00:00
1901-03-01,7.61,2026-08-09T06:38:28.037897+00:00
1901-04-01,7.52,2026-08-09T06:38:28.037897+00:00
1901-05-01,7.52,2026-08-09T06:38:28.037897+00:00
1901-06-01,7.52,2026-08-09T06:38:28.037897+00:00
1901-07-01,7.61,2026-08-09T06:38:28.037897+00:00
1901-08-01,7.71,2026-08-09T06:38:28.037897+00:00
1901-09-01,7.8,2026-08-09T06:38:28.037897+00:00
1901-10-01,7.8,2026-08-09T06:38:28.037897+00:00
1901-11-01,7.9,2026-08-09T06:38:28.037897+00:00
1901-12-01,7.99,2026-08-09T06:38:28.037897+00:00
1902-01-01,7.9,2026-08-09T06:38:28.037897+00:00
1902-02-01,7.9,2026-08-09T06:38:28.037897+00:00
1902-03-01,7.9,2026-08-09T06:38:28.037897+00:00
1902-04-01,7.99,2026-08-09T06:38:28.037897+00:00
1902-05-01,8.09,2026-08-09T06:38:28.037897+00:00
1902-06-01,8.18,2026-08-09T06:38:28.037897+00:00
1902-07-01,8.18,2026-08-09T06:38:28.037897+00:00
1902-08-01,8.09,2026-08-09T06:38:28.037897+00:00
1902-09-01,8.18,2026-08-09T06:38:28.037897+00:00
1902-10-01,8.75,2026-08-09T06:38:28.037897+00:00
1902-11-01,8.47,2026-08-09T06:38:28.037897+00:00
1902-12-01,8.56,2026-08-09T06:38:28.037897+00:00
1903-01-01,8.66,2026-08-09T06:38:28.037897+00:00
1903-02-01,8.66,2026-08-09T06:38:28.037897+00:00
1903-03-01,8.37,2026-08-09T06:38:28.037897+00:00
1903-04-01,8.37,2026-08-09T06:38:28.037897+00:00
1903-05-01,8.18,2026-08-09T06:38:28.037897+00:00
1903-06-01,8.18,2026-08-09T06:38:28.037897+00:00
1903-07-01,8.18,2026-08-09T06:38:28.037897+00:00
1903-08-01,8.18,2026-08-09T06:38:28.037897+00:00
1903-09-01,8.28,2026-08-09T06:38:28.037897+00:00
1903-10-01,8.18,2026-08-09T06:38:28.037897+00:00
1903-11-01,8.09,2026-08-09T06:38:28.037897+00:00
1903-12-01,8.09,2026-08-09T06:38:28.037897+00:00
1904-01-01,8.28,2026-08-09T06:38:28.037897+00:00
1904-02-01,8.47,2026-08-09T06:38:28.037897+00:00
1904-03-01,8.37,2026-08-09T06:38:28.037897+00:00
1904-04-01,8.28,2026-08-09T06:38:28.037897+00:00
1904-05-01,8.09,2026-08-09T06:38:28.037897+00:00
1904-06-01,8.09,2026-08-09T06:38:28.037897+00:00
1904-07-01,8.09,2026-08-09T06:38:28.037897+00:00
1904-08-01,8.18,2026-08-09T06:38:28.037897+00:00
1904-09-01,8.28,2026-08-09T06:38:28.037897+00:00
1904-10-01,8.28,2026-08-09T06:38:28.037897+00:00
1904-11-01,8.47,2026-08-09T06:38:28.037897+00:00
1904-12-01,8.47,2026-08-09T06:38:28.037897+00:00
1905-01-01,8.47,2026-08-09T06:38:28.037897+00:00
1905-02-01,8.47,2026-08-09T06:38:28.037897+00:00
1905-03-01,8.37,2026-08-09T06:38:28.037897+00:00
1905-04-01,8.37,2026-08-09T06:38:28.037897+00:00
1905-05-01,8.28,2026-08-09T06:38:28.037897+00:00
1905-06-01,8.28,2026-08-09T06:38:28.037897+00:00
1905-07-01,8.28,2026-08-09T06:38:28.037897+00:00
1905-08-01,8.37,2026-08-09T06:38:28.037897+00:00
1905-09-01,8.28,2026-08-09T06:38:28.037897+00:00
1905-10-01,8.28,2026-08-09T06:38:28.037897+00:00
1905-11-01,8.37,2026-08-09T06:38:28.037897+00:00
1905-12-01,8.47,2026-08-09T06:38:28.037897+00:00
1906-01-01,8.47,2026-08-09T06:38:28.037897+00:00
1906-02-01,8.47,2026-08-09T06:38:28.037897+00:00
1906-03-01,8.47,2026-08-09T06:38:28.037897+00:00
1906-04-01,8.47,2026-08-09T06:38:28.037897+00:00
1906-05-01,8.56,2026-08-09T06:38:28.037897+00:00
1906-06-01,8.56,2026-08-09T06:38:28.037897+00:00
1906-07-01,8.28,2026-08-09T06:38:28.037897+00:00
1906-08-01,8.47,2026-08-09T06:38:28.037897+00:00
1906-09-01,8.56,2026-08-09T06:38:28.037897+00:00
1906-10-01,8.75,2026-08-09T06:38:28.037897+00:00
1906-11-01,8.85,2026-08-09T06:38:28.037897+00:00
1906-12-01,8.94,2026-08-09T06:38:28.037897+00:00
1907-01-01,8.85,2026-08-09T06:38:28.037897+00:00
1907-02-01,9.04,2026-08-09T06:38:28.037897+00:00
1907-03-01,8.94,2026-08-09T06:38:28.037897+00:00
1907-04-01,8.94,2026-08-09T06:38:28.037897+00:00
1907-05-01,9.13,2026-08-09T06:38:28.037897+00:00
1907-06-01,9.23,2026-08-09T06:38:28.037897+00:00
1907-07-01,9.23,2026-08-09T06:38:28.037897+00:00
1907-08-01,9.23,2026-08-09T06:38:28.037897+00:00
1907-09-01,9.23,2026-08-09T06:38:28.037897+00:00
1907-10-01,9.32,2026-08-09T06:38:28.037897+00:00
1907-11-01,8.94,2026-08-09T06:38:28.037897+00:00
1907-12-01,8.75,2026-08-09T06:38:28.037897+00:00
1908-01-01,8.66,2026-08-09T06:38:28.037897+00:00
1908-02-01,8.56,2026-08-09T06:38:28.037897+00:00
1908-03-01,8.56,2026-08-09T06:38:28.037897+00:00
1908-04-01,8.66,2026-08-09T06:38:28.037897+00:00
1908-05-01,8.66,2026-08-09T06:38:28.037897+00:00
1908-06-01,8.66,2026-08-09T06:38:28.037897+00:00
1908-07-01,8.75,2026-08-09T06:38:28.037897+00:00
1908-08-01,8.75,2026-08-09T06:38:28.037897+00:00
1908-09-01,8.75,2026-08-09T06:38:28.037897+00:00
1908-10-01,8.85,2026-08-09T06:38:28.037897+00:00
1908-11-01,8.94,2026-08-09T06:38:28.037897+00:00
1908-12-01,9.04,2026-08-09T06:38:28.037897+00:00
1909-01-01,8.94,2026-08-09T06:38:28.037897+00:00
1909-02-01,9.04,2026-08-09T06:38:28.037897+00:00
1909-03-01,9.04,2026-08-09T06:38:28.037897+00:00
1909-04-01,9.23,2026-08-09T06:38:28.037897+00:00
1909-05-01,9.32,2026-08-09T06:38:28.037897+00:00
1909-06-01,9.42,2026-08-09T06:38:28.037897+00:00
1909-07-01,9.42,2026-08-09T06:38:28.037897+00:00
1909-08-01,9.51,2026-08-09T06:38:28.037897+00:00
1909-09-01,9.61,2026-08-09T06:38:28.037897+00:00
1909-10-01,9.8,2026-08-09T06:38:28.037897+00:00
1909-11-01,9.9,2026-08-09T06:38:28.037897+00:00
1909-12-01,9.99,2026-08-09T06:38:28.037897+00:00
1910-01-01,9.9,2026-08-09T06:38:28.037897+00:00
1910-02-01,9.9,2026-08-09T06:38:28.037897+00:00
1910-03-01,10.09,2026-08-09T06:38:28.037897+00:00
1910-04-01,10.18,2026-08-09T06:38:28.037897+00:00
1910-05-01,9.99,2026-08-09T06:38:28.037897+00:00
1910-06-01,9.9,2026-08-09T06:38:28.037897+00:00
1910-07-01,9.9,2026-08-09T06:38:28.037897+00:00
1910-08-01,9.8,2026-08-09T06:38:28.037897+00:00
1910-09-01,9.7,2026-08-09T06:38:28.037897+00:00
1910-10-01,9.42,2026-08-09T06:38:28.037897+00:00
1910-11-01,9.23,2026-08-09T06:38:28.037897+00:00
1910-12-01,9.23,2026-08-09T06:38:28.037897+00:00
1911-01-01,9.23,2026-08-09T06:38:28.037897+00:00
1911-02-01,8.94,2026-08-09T06:38:28.037897+00:00
1911-03-01,9.04,2026-08-09T06:38:28.037897+00:00
1911-04-01,8.75,2026-08-09T06:38:28.037897+00:00
1911-05-01,8.75,2026-08-09T06:38:28.037897+00:00
1911-06-01,8.75,2026-08-09T06:38:28.037897+00:00
1911-07-01,8.85,2026-08-09T06:38:28.037897+00:00
1911-08-01,9.13,2026-08-09T06:38:28.037897+00:00
1911-09-01,9.23,2026-08-09T06:38:28.037897+00:00
1911-10-01,9.23,2026-08-09T06:38:28.037897+00:00
1911-11-01,9.13,2026-08-09T06:38:28.037897+00:00
1911-12-01,9.04,2026-08-09T06:38:28.037897+00:00
1912-01-01,9.13,2026-08-09T06:38:28.037897+00:00
1912-02-01,9.23,2026-08-09T06:38:28.037897+00:00
1912-03-01,9.42,2026-08-09T06:38:28.037897+00:00
1912-04-01,9.7,2026-08-09T06:38:28.037897+00:00
1912-05-01,9.7,2026-08-09T06:38:28.037897+00:00
1912-06-01,9.61,2026-08-09T06:38:28.037897+00:00
1912-07-01,9.61,2026-08-09T06:38:28.037897+00:00
1912-08-01,9.7,2026-08-09T06:38:28.037897+00:00
1912-09-01,9.8,2026-08-09T06:38:28.037897+00:00
1912-10-01,9.8,2026-08-09T06:38:28.037897+00:00
1912-11-01,9.8,2026-08-09T06:38:28.037897+00:00
1912-12-01,9.7,2026-08-09T06:38:28.037897+00:00
1913-01-01,9.8,2026-08-09T06:38:28.037897+00:00
1913-02-01,9.8,2026-08-09T06:38:28.037897+00:00
1913-03-01,9.8,2026-08-09T06:38:28.037897+00:00
1913-04-01,9.8,2026-08-09T06:38:28.037897+00:00
1913-05-01,9.7,2026-08-09T06:38:28.037897+00:00
1913-06-01,9.8,2026-08-09T06:38:28.037897+00:00
1913-07-01,9.9,2026-08-09T06:38:28.037897+00:00
1913-08-01,9.9,2026-08-09T06:38:28.037897+00:00
1913-09-01,10.0,2026-08-09T06:38:28.037897+00:00
1913-10-01,10.0,2026-08-09T06:38:28.037897+00:00
1913-11-01,10.1,2026-08-09T06:38:28.037897+00:00
1913-12-01,10.0,2026-08-09T06:38:28.037897+00:00
1914-01-01,10.0,2026-08-09T06:38:28.037897+00:00
1914-02-01,9.9,2026-08-09T06:38:28.037897+00:00
1914-03-01,9.9,2026-08-09T06:38:28.037897+00:00
1914-04-01,9.8,2026-08-09T06:38:28.037897+00:00
1914-05-01,9.9,2026-08-09T06:38:28.037897+00:00
1914-06-01,9.9,2026-08-09T06:38:28.037897+00:00
1914-07-01,10.0,2026-08-09T06:38:28.037897+00:00
1914-08-01,10.2,2026-08-09T06:38:28.037897+00:00
1914-09-01,10.2,2026-08-09T06:38:28.037897+00:00
1914-10-01,10.1,2026-08-09T06:38:28.037897+00:00
1914-11-01,10.2,2026-08-09T06:38:28.037897+00:00
1914-12-01,10.1,2026-08-09T06:38:28.037897+00:00
1915-01-01,10.1,2026-08-09T06:38:28.037897+00:00
1915-02-01,10.0,2026-08-09T06:38:28.037897+00:00
1915-03-01,9.9,2026-08-09T06:38:28.037897+00:00
1915-04-01,10.0,2026-08-09T06:38:28.037897+00:00
1915-05-01,10.1,2026-08-09T06:38:28.037897+00:00
1915-06-01,10.1,2026-08-09T06:38:28.037897+00:00
1915-07-01,10.1,2026-08-09T06:38:28.037897+00:00
1915-08-01,10.1,2026-08-09T06:38:28.037897+00:00
1915-09-01,10.1,2026-08-09T06:38:28.037897+00:00
1915-10-01,10.2,2026-08-09T06:38:28.037897+00:00
1915-11-01,10.3,2026-08-09T06:38:28.037897+00:00
1915-12-01,10.3,2026-08-09T06:38:28.037897+00:00
1916-01-01,10.4,2026-08-09T06:38:28.037897+00:00
1916-02-01,10.4,2026-08-09T06:38:28.037897+00:00
1916-03-01,10.5,2026-08-09T06:38:28.037897+00:00
1916-04-01,10.6,2026-08-09T06:38:28.037897+00:00
1916-05-01,10.7,2026-08-09T06:38:28.037897+00:00
1916-06-01,10.8,2026-08-09T06:38:28.037897+00:00
1916-07-01,10.8,2026-08-09T06:38:28.037897+00:00
1916-08-01,10.9,2026-08-09T06:38:28.037897+00:00
1916-09-01,11.1,2026-08-09T06:38:28.037897+00:00
1916-10-01,11.3,2026-08-09T06:38:28.037897+00:00
1916-11-01,11.5,2026-08-09T06:38:28.037897+00:00
1916-12-01,11.6,2026-08-09T06:38:28.037897+00:00
1917-01-01,11.7,2026-08-09T06:38:28.037897+00:00
1917-02-01,12.0,2026-08-09T06:38:28.037897+00:00
1917-03-01,12.0,2026-08-09T06:38:28.037897+00:00
1917-04-01,12.6,2026-08-09T06:38:28.037897+00:00
1917-05-01,12.8,2026-08-09T06:38:28.037897+00:00
1917-06-01,13.0,2026-08-09T06:38:28.037897+00:00
1917-07-01,12.8,2026-08-09T06:38:28.037897+00:00
1917-08-01,13.0,2026-08-09T06:38:28.037897+00:00
1917-09-01,13.3,2026-08-09T06:38:28.037897+00:00
1917-10-01,13.5,2026-08-09T06:38:28.037897+00:00
1917-11-01,13.5,2026-08-09T06:38:28.037897+00:00
1917-12-01,13.7,2026-08-09T06:38:28.037897+00:00
1918-01-01,14.0,2026-08-09T06:38:28.037897+00:00
1918-02-01,14.1,2026-08-09T06:38:28.037897+00:00
1918-03-01,14.0,2026-08-09T06:38:28.037897+00:00
1918-04-01,14.2,2026-08-09T06:38:28.037897+00:00
1918-05-01,14.5,2026-08-09T06:38:28.037897+00:00
1918-06-01,14.7,2026-08-09T06:38:28.037897+00:00
1918-07-01,15.1,2026-08-09T06:38:28.037897+00:00
1918-08-01,15.4,2026-08-09T06:38:28.037897+00:00
1918-09-01,15.7,2026-08-09T06:38:28.037897+00:00
1918-10-01,16.0,2026-08-09T06:38:28.037897+00:00
1918-11-01,16.3,2026-08-09T06:38:28.037897+00:00
1918-12-01,16.5,2026-08-09T06:38:28.037897+00:00
1919-01-01,16.5,2026-08-09T06:38:28.037897+00:00
1919-02-01,16.2,2026-08-09T06:38:28.037897+00:00
1919-03-01,16.4,2026-08-09T06:38:28.037897+00:00
1919-04-01,16.7,2026-08-09T06:38:28.037897+00:00
1919-05-01,16.9,2026-08-09T06:38:28.037897+00:00
1919-06-01,16.9,2026-08-09T06:38:28.037897+00:00
1919-07-01,17.4,2026-08-09T06:38:28.037897+00:00
1919-08-01,17.7,2026-08-09T06:38:28.037897+00:00
1919-09-01,17.8,2026-08-09T06:38:28.037897+00:00
1919-10-01,18.1,2026-08-09T06:38:28.037897+00:00
1919-11-01,18.5,2026-08-09T06:38:28.037897+00:00
1919-12-01,18.9,2026-08-09T06:38:28.037897+00:00
1920-01-01,19.3,2026-08-09T06:38:28.037897+00:00
1920-02-01,19.5,2026-08-09T06:38:28.037897+00:00
1920-03-01,19.7,2026-08-09T06:38:28.037897+00:00
1920-04-01,20.3,2026-08-09T06:38:28.037897+00:00
1920-05-01,20.6,2026-08-09T06:38:28.037897+00:00
1920-06-01,20.9,2026-08-09T06:38:28.037897+00:00
1920-07-01,20.8,2026-08-09T06:38:28.037897+00:00
1920-08-01,20.3,2026-08-09T06:38:28.037897+00:00
1920-09-01,20.0,2026-08-09T06:38:28.037897+00:00
1920-10-01,19.9,2026-08-09T06:38:28.037897+00:00
1920-11-01,19.8,2026-08-09T06:38:28.037897+00:00
1920-12-01,19.4,2026-08-09T06:38:28.037897+00:00
1921-01-01,19.0,2026-08-09T06:38:28.037897+00:00
1921-02-01,18.4,2026-08-09T06:38:28.037897+00:00
1921-03-01,18.3,2026-08-09T06:38:28.037897+00:00
1921-04-01,18.1,2026-08-09T06:38:28.037897+00:00
1921-05-01,17.7,2026-08-09T06:38:28.037897+00:00
1921-06-01,17.6,2026-08-09T06:38:28.037897+00:00
1921-07-01,17.7,2026-08-09T06:38:28.037897+00:00
1921-08-01,17.7,2026-08-09T06:38:28.037897+00:00
1921-09-01,17.5,2026-08-09T06:38:28.037897+00:00
1921-10-01,17.5,2026-08-09T06:38:28.037897+00:00
1921-11-01,17.4,2026-08-09T06:38:28.037897+00:00
1921-12-01,17.3,2026-08-09T06:38:28.037897+00:00
1922-01-01,16.9,2026-08-09T06:38:28.037897+00:00
1922-02-01,16.9,2026-08-09T06:38:28.037897+00:00
1922-03-01,16.7,2026-08-09T06:38:28.037897+00:00
1922-04-01,16.7,2026-08-09T06:38:28.037897+00:00
1922-05-01,16.7,2026-08-09T06:38:28.037897+00:00
1922-06-01,16.7,2026-08-09T06:38:28.037897+00:00
1922-07-01,16.8,2026-08-09T06:38:28.037897+00:00
1922-08-01,16.6,2026-08-09T06:38:28.037897+00:00
1922-09-01,16.6,2026-08-09T06:38:28.037897+00:00
1922-10-01,16.7,2026-08-09T06:38:28.037897+00:00
1922-11-01,16.8,2026-08-09T06:38:28.037897+00:00
1922-12-01,16.9,2026-08-09T06:38:28.037897+00:00
1923-01-01,16.8,2026-08-09T06:38:28.037897+00:00
1923-02-01,16.8,2026-08-09T06:38:28.037897+00:00
1923-03-01,16.8,2026-08-09T06:38:28.037897+00:00
1923-04-01,16.9,2026-08-09T06:38:28.037897+00:00
1923-05-01,16.9,2026-08-09T06:38:28.037897+00:00
1923-06-01,17.0,2026-08-09T06:38:28.037897+00:00
1923-07-01,17.2,2026-08-09T06:38:28.037897+00:00
1923-08-01,17.1,2026-08-09T06:38:28.037897+00:00
1923-09-01,17.2,2026-08-09T06:38:28.037897+00:00
1923-10-01,17.3,2026-08-09T06:38:28.037897+00:00
1923-11-01,17.3,2026-08-09T06:38:28.037897+00:00
1923-12-01,17.3,2026-08-09T06:38:28.037897+00:00
1924-01-01,17.3,2026-08-09T06:38:28.037897+00:00
1924-02-01,17.2,2026-08-09T06:38:28.037897+00:00
1924-03-01,17.1,2026-08-09T06:38:28.037897+00:00
1924-04-01,17.0,2026-08-09T06:38:28.037897+00:00
1924-05-01,17.0,2026-08-09T06:38:28.037897+00:00
1924-06-01,17.0,2026-08-09T06:38:28.037897+00:00
1924-07-01,17.1,2026-08-09T06:38:28.037897+00:00
1924-08-01,17.0,2026-08-09T06:38:28.037897+00:00
1924-09-01,17.1,2026-08-09T06:38:28.037897+00:00
1924-10-01,17.2,2026-08-09T06:38:28.037897+00:00
1924-11-01,17.2,2026-08-09T06:38:28.037897+00:00
1924-12-01,17.3,2026-08-09T06:38:28.037897+00:00
1925-01-01,17.3,2026-08-09T06:38:28.037897+00:00
1925-02-01,17.2,2026-08-09T06:38:28.037897+00:00
1925-03-01,17.3,2026-08-09T06:38:28.037897+00:00
1925-04-01,17.2,2026-08-09T06:38:28.037897+00:00
1925-05-01,17.3,2026-08-09T06:38:28.037897+00:00
1925-06-01,17.5,2026-08-09T06:38:28.037897+00:00
1925-07-01,17.7,2026-08-09T06:38:28.037897+00:00
1925-08-01,17.7,2026-08-09T06:38:28.037897+00:00
1925-09-01,17.7,2026-08-09T06:38:28.037897+00:00
1925-10-01,17.7,2026-08-09T06:38:28.037897+00:00
1925-11-01,18.0,2026-08-09T06:38:28.037897+00:00
1925-12-01,17.9,2026-08-09T06:38:28.037897+00:00
1926-01-01,17.9,2026-08-09T06:38:28.037897+00:00
1926-02-01,17.9,2026-08-09T06:38:28.037897+00:00
1926-03-01,17.8,2026-08-09T06:38:28.037897+00:00
1926-04-01,17.9,2026-08-09T06:38:28.037897+00:00
1926-05-01,17.8,2026-08-09T06:38:28.037897+00:00
1926-06-01,17.7,2026-08-09T06:38:28.037897+00:00
1926-07-01,17.5,2026-08-09T06:38:28.037897+00:00
1926-08-01,17.4,2026-08-09T06:38:28.037897+00:00
1926-09-01,17.5,2026-08-09T06:38:28.037897+00:00
1926-10-01,17.6,2026-08-09T06:38:28.037897+00:00
1926-11-01,17.7,2026-08-09T06:38:28.037897+00:00
1926-12-01,17.7,2026-08-09T06:38:28.037897+00:00
1927-01-01,17.5,2026-08-09T06:38:28.037897+00:00
1927-02-01,17.4,2026-08-09T06:38:28.037897+00:00
1927-03-01,17.3,2026-08-09T06:38:28.037897+00:00
1927-04-01,17.3,2026-08-09T06:38:28.037897+00:00
1927-05-01,17.4,2026-08-09T06:38:28.037897+00:00
1927-06-01,17.6,2026-08-09T06:38:28.037897+00:00
1927-07-01,17.3,2026-08-09T06:38:28.037897+00:00
1927-08-01,17.2,2026-08-09T06:38:28.037897+00:00
1927-09-01,17.3,2026-08-09T06:38:28.037897+00:00
1927-10-01,17.4,2026-08-09T06:38:28.037897+00:00
1927-11-01,17.3,2026-08-09T06:38:28.037897+00:00
1927-12-01,17.3,2026-08-09T06:38:28.037897+00:00
1928-01-01,17.3,2026-08-09T06:38:28.037897+00:00
1928-02-01,17.1,2026-08-09T06:38:28.037897+00:00
1928-03-01,17.1,2026-08-09T06:38:28.037897+00:00
1928-04-01,17.1,2026-08-09T06:38:28.037897+00:00
1928-05-01,17.2,2026-08-09T06:38:28.037897+00:00
1928-06-01,17.1,2026-08-09T06:38:28.037897+00:00
1928-07-01,17.1,2026-08-09T06:38:28.037897+00:00
1928-08-01,17.1,2026-08-09T06:38:28.037897+00:00
1928-09-01,17.3,2026-08-09T06:38:28.037897+00:00
1928-10-01,17.2,2026-08-09T06:38:28.037897+00:00
1928-11-01,17.2,2026-08-09T06:38:28.037897+00:00
1928-12-01,17.1,2026-08-09T06:38:28.037897+00:00
1929-01-01,17.1,2026-08-09T06:38:28.037897+00:00
1929-02-01,17.1,2026-08-09T06:38:28.037897+00:00
1929-03-01,17.0,2026-08-09T06:38:28.037897+00:00
1929-04-01,16.9,2026-08-09T06:38:28.037897+00:00
1929-05-01,17.0,2026-08-09T06:38:28.037897+00:00
1929-06-01,17.1,2026-08-09T06:38:28.037897+00:00
1929-07-01,17.3,2026-08-09T06:38:28.037897+00:00
1929-08-01,17.3,2026-08-09T06:38:28.037897+00:00
1929-09-01,17.3,2026-08-09T06:38:28.037897+00:00
1929-10-01,17.3,2026-08-09T06:38:28.037897+00:00
1929-11-01,17.3,2026-08-09T06:38:28.037897+00:00
1929-12-01,17.2,2026-08-09T06:38:28.037897+00:00
1930-01-01,17.1,2026-08-09T06:38:28.037897+00:00
1930-02-01,17.0,2026-08-09T06:38:28.037897+00:00
1930-03-01,16.9,2026-08-09T06:38:28.037897+00:00
1930-04-01,17.0,2026-08-09T06:38:28.037897+00:00
1930-05-01,16.9,2026-08-09T06:38:28.037897+00:00
1930-06-01,16.8,2026-08-09T06:38:28.037897+00:00
1930-07-01,16.6,2026-08-09T06:38:28.037897+00:00
1930-08-01,16.5,2026-08-09T06:38:28.037897+00:00
1930-09-01,16.6,2026-08-09T06:38:28.037897+00:00
1930-10-01,16.5,2026-08-09T06:38:28.037897+00:00
1930-11-01,16.4,2026-08-09T06:38:28.037897+00:00
1930-12-01,16.1,2026-08-09T06:38:28.037897+00:00
1931-01-01,15.9,2026-08-09T06:38:28.037897+00:00
1931-02-01,15.7,2026-08-09T06:38:28.037897+00:00
1931-03-01,15.6,2026-08-09T06:38:28.037897+00:00
1931-04-01,15.5,2026-08-09T06:38:28.037897+00:00
1931-05-01,15.3,2026-08-09T06:38:28.037897+00:00
1931-06-01,15.1,2026-08-09T06:38:28.037897+00:00
1931-07-01,15.1,2026-08-09T06:38:28.037897+00:00
1931-08-01,15.1,2026-08-09T06:38:28.037897+00:00
1931-09-01,15.0,2026-08-09T06:38:28.037897+00:00
1931-10-01,14.9,2026-08-09T06:38:28.037897+00:00
1931-11-01,14.7,2026-08-09T06:38:28.037897+00:00
1931-12-01,14.6,2026-08-09T06:38:28.037897+00:00
1932-01-01,14.3,2026-08-09T06:38:28.037897+00:00
1932-02-01,14.1,2026-08-09T06:38:28.037897+00:00
1932-03-01,14.0,2026-08-09T06:38:28.037897+00:00
1932-04-01,13.9,2026-08-09T06:38:28.037897+00:00
1932-05-01,13.7,2026-08-09T06:38:28.037897+00:00
1932-06-01,13.6,2026-08-09T06:38:28.037897+00:00
1932-07-01,13.6,2026-08-09T06:38:28.037897+00:00
1932-08-01,13.5,2026-08-09T06:38:28.037897+00:00
1932-09-01,13.4,2026-08-09T06:38:28.037897+00:00
1932-10-01,13.3,2026-08-09T06:38:28.037897+00:00
1932-11-01,13.2,2026-08-09T06:38:28.037897+00:00
1932-12-01,13.1,2026-08-09T06:38:28.037897+00:00
1933-01-01,12.9,2026-08-09T06:38:28.037897+00:00
1933-02-01,12.7,2026-08-09T06:38:28.037897+00:00
1933-03-01,12.6,2026-08-09T06:38:28.037897+00:00
1933-04-01,12.6,2026-08-09T06:38:28.037897+00:00
1933-05-01,12.6,2026-08-09T06:38:28.037897+00:00
1933-06-01,12.7,2026-08-09T06:38:28.037897+00:00
1933-07-01,13.1,2026-08-09T06:38:28.037897+00:00
1933-08-01,13.2,2026-08-09T06:38:28.037897+00:00
1933-09-01,13.2,2026-08-09T06:38:28.037897+00:00
1933-10-01,13.2,2026-08-09T06:38:28.037897+00:00
1933-11-01,13.2,2026-08-09T06:38:28.037897+00:00
1933-12-01,13.2,2026-08-09T06:38:28.037897+00:00
1934-01-01,13.2,2026-08-09T06:38:28.037897+00:00
1934-02-01,13.3,2026-08-09T06:38:28.037897+00:00
1934-03-01,13.3,2026-08-09T06:38:28.037897+00:00
1934-04-01,13.3,2026-08-09T06:38:28.037897+00:00
1934-05-01,13.3,2026-08-09T06:38:28.037897+00:00
1934-06-01,13.4,2026-08-09T06:38:28.037897+00:00
1934-07-01,13.4,2026-08-09T06:38:28.037897+00:00
1934-08-01,13.4,2026-08-09T06:38:28.037897+00:00
1934-09-01,13.6,2026-08-09T06:38:28.037897+00:00
1934-10-01,13.5,2026-08-09T06:38:28.037897+00:00
1934-11-01,13.5,2026-08-09T06:38:28.037897+00:00
1934-12-01,13.4,2026-08-09T06:38:28.037897+00:00
1935-01-01,13.6,2026-08-09T06:38:28.037897+00:00
1935-02-01,13.7,2026-08-09T06:38:28.037897+00:00
1935-03-01,13.7,2026-08-09T06:38:28.037897+00:00
1935-04-01,13.8,2026-08-09T06:38:28.037897+00:00
1935-05-01,13.8,2026-08-09T06:38:28.037897+00:00
1935-06-01,13.7,2026-08-09T06:38:28.037897+00:00
1935-07-01,13.7,2026-08-09T06:38:28.037897+00:00
1935-08-01,13.7,2026-08-09T06:38:28.037897+00:00
1935-09-01,13.7,2026-08-09T06:38:28.037897+00:00
1935-10-01,13.7,2026-08-09T06:38:28.037897+00:00
1935-11-01,13.8,2026-08-09T06:38:28.037897+00:00
1935-12-01,13.8,2026-08-09T06:38:28.037897+00:00
1936-01-01,13.8,2026-08-09T06:38:28.037897+00:00
1936-02-01,13.8,2026-08-09T06:38:28.037897+00:00
1936-03-01,13.7,2026-08-09T06:38:28.037897+00:00
1936-04-01,13.7,2026-08-09T06:38:28.037897+00:00
1936-05-01,13.7,2026-08-09T06:38:28.037897+00:00
1936-06-01,13.8,2026-08-09T06:38:28.037897+00:00
1936-07-01,13.9,2026-08-09T06:38:28.037897+00:00
1936-08-01,14.0,2026-08-09T06:38:28.037897+00:00
1936-09-01,14.0,2026-08-09T06:38:28.037897+00:00
1936-10-01,14.0,2026-08-09T06:38:28.037897+00:00
1936-11-01,14.0,2026-08-09T06:38:28.037897+00:00
1936-12-01,14.0,2026-08-09T06:38:28.037897+00:00
1937-01-01,14.1,2026-08-09T06:38:28.037897+00:00
1937-02-01,14.1,2026-08-09T06:38:28.037897+00:00
1937-03-01,14.2,2026-08-09T06:38:28.037897+00:00
1937-04-01,14.3,2026-08-09T06:38:28.037897+00:00
1937-05-01,14.4,2026-08-09T06:38:28.037897+00:00
1937-06-01,14.4,2026-08-09T06:38:28.037897+00:00
1937-07-01,14.5,2026-08-09T06:38:28.037897+00:00
1937-08-01,14.5,2026-08-09T06:38:28.037897+00:00
1937-09-01,14.6,2026-08-09T06:38:28.037897+00:00
1937-10-01,14.6,2026-08-09T06:38:28.037897+00:00
1937-11-01,14.5,2026-08-09T06:38:28.037897+00:00
1937-12-01,14.4,2026-08-09T06:38:28.037897+00:00
1938-01-01,14.2,2026-08-09T06:38:28.037897+00:00
1938-02-01,14.1,2026-08-09T06:38:28.037897+00:00
1938-03-01,14.1,2026-08-09T06:38:28.037897+00:00
1938-04-01,14.2,2026-08-09T06:38:28.037897+00:00
1938-05-01,14.1,2026-08-09T06:38:28.037897+00:00
1938-06-01,14.1,2026-08-09T06:38:28.037897+00:00
1938-07-01,14.1,2026-08-09T06:38:28.037897+00:00
1938-08-01,14.1,2026-08-09T06:38:28.037897+00:00
1938-09-01,14.1,2026-08-09T06:38:28.037897+00:00
1938-10-01,14.0,2026-08-09T06:38:28.037897+00:00
1938-11-01,14.0,2026-08-09T06:38:28.037897+00:00
1938-12-01,14.0,2026-08-09T06:38:28.037897+00:00
1939-01-01,14.0,2026-08-09T06:38:28.037897+00:00
1939-02-01,13.9,2026-08-09T06:38:28.037897+00:00
1939-03-01,13.9,2026-08-09T06:38:28.037897+00:00
1939-04-01,13.8,2026-08-09T06:38:28.037897+00:00
1939-05-01,13.8,2026-08-09T06:38:28.037897+00:00
1939-06-01,13.8,2026-08-09T06:38:28.037897+00:00
1939-07-01,13.8,2026-08-09T06:38:28.037897+00:00
1939-08-01,13.8,2026-08-09T06:38:28.037897+00:00
1939-09-01,14.1,2026-08-09T06:38:28.037897+00:00
1939-10-01,14.0,2026-08-09T06:38:28.037897+00:00
1939-11-01,14.0,2026-08-09T06:38:28.037897+00:00
1939-12-01,14.0,2026-08-09T06:38:28.037897+00:00
1940-01-01,13.9,2026-08-09T06:38:28.037897+00:00
1940-02-01,14.0,2026-08-09T06:38:28.037897+00:00
1940-03-01,14.0,2026-08-09T06:38:28.037897+00:00
1940-04-01,14.0,2026-08-09T06:38:28.037897+00:00
1940-05-01,14.0,2026-08-09T06:38:28.037897+00:00
1940-06-01,14.1,2026-08-09T06:38:28.037897+00:00
1940-07-01,14.0,2026-08-09T06:38:28.037897+00:00
1940-08-01,14.0,2026-08-09T06:38:28.037897+00:00
1940-09-01,14.0,2026-08-09T06:38:28.037897+00:00
1940-10-01,14.0,2026-08-09T06:38:28.037897+00:00
1940-11-01,14.0,2026-08-09T06:38:28.037897+00:00
1940-12-01,14.1,2026-08-09T06:38:28.037897+00:00
1941-01-01,14.1,2026-08-09T06:38:28.037897+00:00
1941-02-01,14.1,2026-08-09T06:38:28.037897+00:00
1941-03-01,14.2,2026-08-09T06:38:28.037897+00:00
1941-04-01,14.3,2026-08-09T06:38:28.037897+00:00
1941-05-01,14.4,2026-08-09T06:38:28.037897+00:00
1941-06-01,14.7,2026-08-09T06:38:28.037897+00:00
1941-07-01,14.7,2026-08-09T06:38:28.037897+00:00
1941-08-01,14.9,2026-08-09T06:38:28.037897+00:00
1941-09-01,15.1,2026-08-09T06:38:28.037897+00:00
1941-10-01,15.3,2026-08-09T06:38:28.037897+00:00
1941-11-01,15.4,2026-08-09T06:38:28.037897+00:00
1941-12-01,15.5,2026-08-09T06:38:28.037897+00:00
1942-01-01,15.7,2026-08-09T06:38:28.037897+00:00
1942-02-01,15.8,2026-08-09T06:38:28.037897+00:00
1942-03-01,16.0,2026-08-09T06:38:28.037897+00:00
1942-04-01,16.1,2026-08-09T06:38:28.037897+00:00
1942-05-01,16.3,2026-08-09T06:38:28.037897+00:00
1942-06-01,16.3,2026-08-09T06:38:28.037897+00:00
1942-07-01,16.4,2026-08-09T06:38:28.037897+00:00
1942-08-01,16.5,2026-08-09T06:38:28.037897+00:00
1942-09-01,16.5,2026-08-09T06:38:28.037897+00:00
1942-10-01,16.7,2026-08-09T06:38:28.037897+00:00
1942-11-01,16.8,2026-08-09T06:38:28.037897+00:00
1942-12-01,16.9,2026-08-09T06:38:28.037897+00:00
1943-01-01,16.9,2026-08-09T06:38:28.037897+00:00
1943-02-01,16.9,2026-08-09T06:38:28.037897+00:00
1943-03-01,17.2,2026-08-09T06:38:28.037897+00:00
1943-04-01,17.4,2026-08-09T06:38:28.037897+00:00
1943-05-01,17.5,2026-08-09T06:38:28.037897+00:00
1943-06-01,17.5,2026-08-09T06:38:28.037897+00:00
1943-07-01,17.4,2026-08-09T06:38:28.037897+00:00
1943-08-01,17.3,2026-08-09T06:38:28.037897+00:00
1943-09-01,17.4,2026-08-09T06:38:28.037897+00:00
1943-10-01,17.4,2026-08-09T06:38:28.037897+00:00
1943-11-01,17.4,2026-08-09T06:38:28.037897+00:00
1943-12-01,17.4,2026-08-09T06:38:28.037897+00:00
1944-01-01,17.4,2026-08-09T06:38:28.037897+00:00
1944-02-01,17.4,2026-08-09T06:38:28.037897+00:00
1944-03-01,17.4,2026-08-09T06:38:28.037897+00:00
1944-04-01,17.5,2026-08-09T06:38:28.037897+00:00
1944-05-01,17.5,2026-08-09T06:38:28.037897+00:00
1944-06-01,17.6,2026-08-09T06:38:28.037897+00:00
1944-07-01,17.7,2026-08-09T06:38:28.037897+00:00
1944-08-01,17.7,2026-08-09T06:38:28.037897+00:00
1944-09-01,17.7,2026-08-09T06:38:28.037897+00:00
1944-10-01,17.7,2026-08-09T06:38:28.037897+00:00
1944-11-01,17.7,2026-08-09T06:38:28.037897+00:00
1944-12-01,17.8,2026-08-09T06:38:28.037897+00:00
1945-01-01,17.8,2026-08-09T06:38:28.037897+00:00
1945-02-01,17.8,2026-08-09T06:38:28.037897+00:00
1945-03-01,17.8,2026-08-09T06:38:28.037897+00:00
1945-04-01,17.8,2026-08-09T06:38:28.037897+00:00
1945-05-01,17.9,2026-08-09T06:38:28.037897+00:00
1945-06-01,18.1,2026-08-09T06:38:28.037897+00:00
1945-07-01,18.1,2026-08-09T06:38:28.037897+00:00
1945-08-01,18.1,2026-08-09T06:38:28.037897+00:00
1945-09-01,18.1,2026-08-09T06:38:28.037897+00:00
1945-10-01,18.1,2026-08-09T06:38:28.037897+00:00
1945-11-01,18.1,2026-08-09T06:38:28.037897+00:00
1945-12-01,18.2,2026-08-09T06:38:28.037897+00:00
1946-01-01,18.2,2026-08-09T06:38:28.037897+00:00
1946-02-01,18.1,2026-08-09T06:38:28.037897+00:00
1946-03-01,18.3,2026-08-09T06:38:28.037897+00:00
1946-04-01,18.4,2026-08-09T06:38:28.037897+00:00
1946-05-01,18.5,2026-08-09T06:38:28.037897+00:00
1946-06-01,18.7,2026-08-09T06:38:28.037897+00:00
1946-07-01,19.8,2026-08-09T06:38:28.037897+00:00
1946-08-01,20.2,2026-08-09T06:38:28.037897+00:00
1946-09-01,20.4,2026-08-09T06:38:28.037897+00:00
1946-10-01,20.8,2026-08-09T06:38:28.037897+00:00
1946-11-01,21.3,2026-08-09T06:38:28.037897+00:00
1946-12-01,21.5,2026-08-09T06:38:28.037897+00:00
1947-01-01,21.5,2026-08-09T06:38:28.037897+00:00
1947-02-01,21.5,2026-08-09T06:38:28.037897+00:00
1947-03-01,21.9,2026-08-09T06:38:28.037897+00:00
1947-04-01,21.9,2026-08-09T06:38:28.037897+00:00
1947-05-01,21.9,2026-08-09T06:38:28.037897+00:00
1947-06-01,22.0,2026-08-09T06:38:28.037897+00:00
1947-07-01,22.2,2026-08-09T06:38:28.037897+00:00
1947-08-01,22.5,2026-08-09T06:38:28.037897+00:00
1947-09-01,23.0,2026-08-09T06:38:28.037897+00:00
1947-10-01,23.0,2026-08-09T06:38:28.037897+00:00
1947-11-01,23.1,2026-08-09T06:38:28.037897+00:00
1947-12-01,23.4,2026-08-09T06:38:28.037897+00:00
1948-01-01,23.7,2026-08-09T06:38:28.037897+00:00
1948-02-01,23.5,2026-08-09T06:38:28.037897+00:00
1948-03-01,23.4,2026-08-09T06:38:28.037897+00:00
1948-04-01,23.8,2026-08-09T06:38:28.037897+00:00
1948-05-01,23.9,2026-08-09T06:38:28.037897+00:00
1948-06-01,24.1,2026-08-09T06:38:28.037897+00:00
1948-07-01,24.4,2026-08-09T06:38:28.037897+00:00
1948-08-01,24.5,2026-08-09T06:38:28.037897+00:00
1948-09-01,24.5,2026-08-09T06:38:28.037897+00:00
1948-10-01,24.4,2026-08-09T06:38:28.037897+00:00
1948-11-01,24.2,2026-08-09T06:38:28.037897+00:00
1948-12-01,24.1,2026-08-09T06:38:28.037897+00:00
1949-01-01,24.0,2026-08-09T06:38:28.037897+00:00
1949-02-01,23.8,2026-08-09T06:38:28.037897+00:00
1949-03-01,23.8,2026-08-09T06:38:28.037897+00:00
1949-04-01,23.9,2026-08-09T06:38:28.037897+00:00
1949-05-01,23.8,2026-08-09T06:38:28.037897+00:00
1949-06-01,23.9,2026-08-09T06:38:28.037897+00:00
1949-07-01,23.7,2026-08-09T06:38:28.037897+00:00
1949-08-01,23.8,2026-08-09T06:38:28.037897+00:00
1949-09-01,23.9,2026-08-09T06:38:28.037897+00:00
1949-10-01,23.7,2026-08-09T06:38:28.037897+00:00
1949-11-01,23.8,2026-08-09T06:38:28.037897+00:00
1949-12-01,23.6,2026-08-09T06:38:28.037897+00:00
1950-01-01,23.5,2026-08-09T06:38:28.037897+00:00
1950-02-01,23.5,2026-08-09T06:38:28.037897+00:00
1950-03-01,23.6,2026-08-09T06:38:28.037897+00:00
1950-04-01,23.6,2026-08-09T06:38:28.037897+00:00
1950-05-01,23.7,2026-08-09T06:38:28.037897+00:00
1950-06-01,23.8,2026-08-09T06:38:28.037897+00:00
1950-07-01,24.1,2026-08-09T06:38:28.037897+00:00
1950-08-01,24.3,2026-08-09T06:38:28.037897+00:00
1950-09-01,24.4,2026-08-09T06:38:28.037897+00:00
1950-10-01,24.6,2026-08-09T06:38:28.037897+00:00
1950-11-01,24.7,2026-08-09T06:38:28.037897+00:00
1950-12-01,25.0,2026-08-09T06:38:28.037897+00:00
1951-01-01,25.4,2026-08-09T06:38:28.037897+00:00
1951-02-01,25.7,2026-08-09T06:38:28.037897+00:00
1951-03-01,25.8,2026-08-09T06:38:28.037897+00:00
1951-04-01,25.8,2026-08-09T06:38:28.037897+00:00
1951-05-01,25.9,2026-08-09T06:38:28.037897+00:00
1951-06-01,25.9,2026-08-09T06:38:28.037897+00:00
1951-07-01,25.9,2026-08-09T06:38:28.037897+00:00
1951-08-01,25.9,2026-08-09T06:38:28.037897+00:00
1951-09-01,26.1,2026-08-09T06:38:28.037897+00:00
1951-10-01,26.2,2026-08-09T06:38:28.037897+00:00
1951-11-01,26.4,2026-08-09T06:38:28.037897+00:00
1951-12-01,26.5,2026-08-09T06:38:28.037897+00:00
1952-01-01,26.5,2026-08-09T06:38:28.037897+00:00
1952-02-01,26.3,2026-08-09T06:38:28.037897+00:00
1952-03-01,26.3,2026-08-09T06:38:28.037897+00:00
1952-04-01,26.4,2026-08-09T06:38:28.037897+00:00
1952-05-01,26.4,2026-08-09T06:38:28.037897+00:00
1952-06-01,26.5,2026-08-09T06:38:28.037897+00:00
1952-07-01,26.7,2026-08-09T06:38:28.037897+00:00
1952-08-01,26.7,2026-08-09T06:38:28.037897+00:00
1952-09-01,26.7,2026-08-09T06:38:28.037897+00:00
1952-10-01,26.7,2026-08-09T06:38:28.037897+00:00
1952-11-01,26.7,2026-08-09T06:38:28.037897+00:00
1952-12-01,26.7,2026-08-09T06:38:28.037897+00:00
1953-01-01,26.6,2026-08-09T06:38:28.037897+00:00
1953-02-01,26.5,2026-08-09T06:38:28.037897+00:00
1953-03-01,26.6,2026-08-09T06:38:28.037897+00:00
1953-04-01,26.6,2026-08-09T06:38:28.037897+00:00
1953-05-01,26.7,2026-08-09T06:38:28.037897+00:00
1953-06-01,26.8,2026-08-09T06:38:28.037897+00:00
1953-07-01,26.8,2026-08-09T06:38:28.037897+00:00
1953-08-01,26.9,2026-08-09T06:38:28.037897+00:00
1953-09-01,26.9,2026-08-09T06:38:28.037897+00:00
1953-10-01,27.0,2026-08-09T06:38:28.037897+00:00
1953-11-01,26.9,2026-08-09T06:38:28.037897+00:00
1953-12-01,26.9,2026-08-09T06:38:28.037897+00:00
1954-01-01,26.9,2026-08-09T06:38:28.037897+00:00
1954-02-01,26.9,2026-08-09T06:38:28.037897+00:00
1954-03-01,26.9,2026-08-09T06:38:28.037897+00:00
1954-04-01,26.8,2026-08-09T06:38:28.037897+00:00
1954-05-01,26.9,2026-08-09T06:38:28.037897+00:00
1954-06-01,26.9,2026-08-09T06:38:28.037897+00:00
1954-07-01,26.9,2026-08-09T06:38:28.037897+00:00
1954-08-01,26.9,2026-08-09T06:38:28.037897+00:00
1954-09-01,26.8,2026-08-09T06:38:28.037897+00:00
1954-10-01,26.8,2026-08-09T06:38:28.037897+00:00
1954-11-01,26.8,2026-08-09T06:38:28.037897+00:00
1954-12-01,26.7,2026-08-09T06:38:28.037897+00:00
1955-01-01,26.7,2026-08-09T06:38:28.037897+00:00
1955-02-01,26.7,2026-08-09T06:38:28.037897+00:00
1955-03-01,26.7,2026-08-09T06:38:28.037897+00:00
1955-04-01,26.7,2026-08-09T06:38:28.037897+00:00
1955-05-01,26.7,2026-08-09T06:38:28.037897+00:00
1955-06-01,26.7,2026-08-09T06:38:28.037897+00:00
1955-07-01,26.8,2026-08-09T06:38:28.037897+00:00
1955-08-01,26.8,2026-08-09T06:38:28.037897+00:00
1955-09-01,26.9,2026-08-09T06:38:28.037897+00:00
1955-10-01,26.9,2026-08-09T06:38:28.037897+00:00
1955-11-01,26.9,2026-08-09T06:38:28.037897+00:00
1955-12-01,26.8,2026-08-09T06:38:28.037897+00:00
1956-01-01,26.8,2026-08-09T06:38:28.037897+00:00
1956-02-01,26.8,2026-08-09T06:38:28.037897+00:00
1956-03-01,26.8,2026-08-09T06:38:28.037897+00:00
1956-04-01,26.9,2026-08-09T06:38:28.037897+00:00
1956-05-01,27.0,2026-08-09T06:38:28.037897+00:00
1956-06-01,27.2,2026-08-09T06:38:28.037897+00:00
1956-07-01,27.4,2026-08-09T06:38:28.037897+00:00
1956-08-01,27.3,2026-08-09T06:38:28.037897+00:00
1956-09-01,27.4,2026-08-09T06:38:28.037897+00:00
1956-10-01,27.5,2026-08-09T06:38:28.037897+00:00
1956-11-01,27.5,2026-08-09T06:38:28.037897+00:00
1956-12-01,27.6,2026-08-09T06:38:28.037897+00:00
1957-01-01,27.6,2026-08-09T06:38:28.037897+00:00
1957-02-01,27.7,2026-08-09T06:38:28.037897+00:00
1957-03-01,27.8,2026-08-09T06:38:28.037897+00:00
1957-04-01,27.9,2026-08-09T06:38:28.037897+00:00
1957-05-01,28.0,2026-08-09T06:38:28.037897+00:00
1957-06-01,28.1,2026-08-09T06:38:28.037897+00:00
1957-07-01,28.3,2026-08-09T06:38:28.037897+00:00
1957-08-01,28.3,2026-08-09T06:38:28.037897+00:00
1957-09-01,28.3,2026-08-09T06:38:28.037897+00:00
1957-10-01,28.3,2026-08-09T06:38:28.037897+00:00
1957-11-01,28.4,2026-08-09T06:38:28.037897+00:00
1957-12-01,28.4,2026-08-09T06:38:28.037897+00:00
1958-01-01,28.6,2026-08-09T06:38:28.037897+00:00
1958-02-01,28.6,2026-08-09T06:38:28.037897+00:00
1958-03-01,28.8,2026-08-09T06:38:28.037897+00:00
1958-04-01,28.9,2026-08-09T06:38:28.037897+00:00
1958-05-01,28.9,2026-08-09T06:38:28.037897+00:00
1958-06-01,28.9,2026-08-09T06:38:28.037897+00:00
1958-07-01,29.0,2026-08-09T06:38:28.037897+00:00
1958-08-01,28.9,2026-08-09T06:38:28.037897+00:00
1958-09-01,28.9,2026-08-09T06:38:28.037897+00:00
1958-10-01,28.9,2026-08-09T06:38:28.037897+00:00
1958-11-01,29.0,2026-08-09T06:38:28.037897+00:00
1958-12-01,28.9,2026-08-09T06:38:28.037897+00:00
1959-01-01,29.0,2026-08-09T06:38:28.037897+00:00
1959-02-01,28.9,2026-08-09T06:38:28.037897+00:00
1959-03-01,28.9,2026-08-09T06:38:28.037897+00:00
1959-04-01,29.0,2026-08-09T06:38:28.037897+00:00
1959-05-01,29.0,2026-08-09T06:38:28.037897+00:00
1959-06-01,29.1,2026-08-09T06:38:28.037897+00:00
1959-07-01,29.2,2026-08-09T06:38:28.037897+00:00
1959-08-01,29.2,2026-08-09T06:38:28.037897+00:00
1959-09-01,29.3,2026-08-09T06:38:28.037897+00:00
1959-10-01,29.4,2026-08-09T06:38:28.037897+00:00
1959-11-01,29.4,2026-08-09T06:38:28.037897+00:00
1959-12-01,29.4,2026-08-09T06:38:28.037897+00:00
1960-01-01,29.3,2026-08-09T06:38:28.037897+00:00
1960-02-01,29.4,2026-08-09T06:38:28.037897+00:00
1960-03-01,29.4,2026-08-09T06:38:28.037897+00:00
1960-04-01,29.5,2026-08-09T06:38:28.037897+00:00
1960-05-01,29.5,2026-08-09T06:38:28.037897+00:00
1960-06-01,29.6,2026-08-09T06:38:28.037897+00:00
1960-07-01,29.6,2026-08-09T06:38:28.037897+00:00
1960-08-01,29.6,2026-08-09T06:38:28.037897+00:00
1960-09-01,29.6,2026-08-09T06:38:28.037897+00:00
1960-10-01,29.8,2026-08-09T06:38:28.037897+00:00
1960-11-01,29.8,2026-08-09T06:38:28.037897+00:00
1960-12-01,29.8,2026-08-09T06:38:28.037897+00:00
1961-01-01,29.8,2026-08-09T06:38:28.037897+00:00
1961-02-01,29.8,2026-08-09T06:38:28.037897+00:00
1961-03-01,29.8,2026-08-09T06:38:28.037897+00:00
1961-04-01,29.8,2026-08-09T06:38:28.037897+00:00
1961-05-01,29.8,2026-08-09T06:38:28.037897+00:00
1961-06-01,29.8,2026-08-09T06:38:28.037897+00:00
1961-07-01,30.0,2026-08-09T06:38:28.037897+00:00
1961-08-01,29.9,2026-08-09T06:38:28.037897+00:00
1961-09-01,30.0,2026-08-09T06:38:28.037897+00:00
1961-10-01,30.0,2026-08-09T06:38:28.037897+00:00
1961-11-01,30.0,2026-08-09T06:38:28.037897+00:00
1961-12-01,30.0,2026-08-09T06:38:28.037897+00:00
1962-01-01,30.0,2026-08-09T06:38:28.037897+00:00
1962-02-01,30.1,2026-08-09T06:38:28.037897+00:00
1962-03-01,30.1,2026-08-09T06:38:28.037897+00:00
1962-04-01,30.2,2026-08-09T06:38:28.037897+00:00
1962-05-01,30.2,2026-08-09T06:38:28.037897+00:00
1962-06-01,30.2,2026-08-09T06:38:28.037897+00:00
1962-07-01,30.3,2026-08-09T06:38:28.037897+00:00
1962-08-01,30.3,2026-08-09T06:38:28.037897+00:00
1962-09-01,30.4,2026-08-09T06:38:28.037897+00:00
1962-10-01,30.4,2026-08-09T06:38:28.037897+00:00
1962-11-01,30.4,2026-08-09T06:38:28.037897+00:00
1962-12-01,30.4,2026-08-09T06:38:28.037897+00:00
1963-01-01,30.4,2026-08-09T06:38:28.037897+00:00
1963-02-01,30.4,2026-08-09T06:38:28.037897+00:00
1963-03-01,30.5,2026-08-09T06:38:28.037897+00:00
1963-04-01,30.5,2026-08-09T06:38:28.037897+00:00
1963-05-01,30.5,2026-08-09T06:38:28.037897+00:00
1963-06-01,30.6,2026-08-09T06:38:28.037897+00:00
1963-07-01,30.7,2026-08-09T06:38:28.037897+00:00
1963-08-01,30.7,2026-08-09T06:38:28.037897+00:00
1963-09-01,30.7,2026-08-09T06:38:28.037897+00:00
1963-10-01,30.8,2026-08-09T06:38:28.037897+00:00
1963-11-01,30.8,2026-08-09T06:38:28.037897+00:00
1963-12-01,30.9,2026-08-09T06:38:28.037897+00:00
1964-01-01,30.9,2026-08-09T06:38:28.037897+00:00
1964-02-01,30.9,2026-08-09T06:38:28.037897+00:00
1964-03-01,30.9,2026-08-09T06:38:28.037897+00:00
1964-04-01,30.9,2026-08-09T06:38:28.037897+00:00
1964-05-01,30.9,2026-08-09T06:38:28.037897+00:00
1964-06-01,31.0,2026-08-09T06:38:28.037897+00:00
1964-07-01,31.1,2026-08-09T06:38:28.037897+00:00
1964-08-01,31.0,2026-08-09T06:38:28.037897+00:00
1964-09-01,31.1,2026-08-09T06:38:28.037897+00:00
1964-10-01,31.1,2026-08-09T06:38:28.037897+00:00
1964-11-01,31.2,2026-08-09T06:38:28.037897+00:00
1964-12-01,31.2,2026-08-09T06:38:28.037897+00:00
1965-01-01,31.2,2026-08-09T06:38:28.037897+00:00
1965-02-01,31.2,2026-08-09T06:38:28.037897+00:00
1965-03-01,31.3,2026-08-09T06:38:28.037897+00:00
1965-04-01,31.4,2026-08-09T06:38:28.037897+00:00
1965-05-01,31.4,2026-08-09T06:38:28.037897+00:00
1965-06-01,31.6,2026-08-09T06:38:28.037897+00:00
1965-07-01,31.6,2026-08-09T06:38:28.037897+00:00
1965-08-01,31.6,2026-08-09T06:38:28.037897+00:00
1965-09-01,31.6,2026-08-09T06:38:28.037897+00:00
1965-10-01,31.7,2026-08-09T06:38:28.037897+00:00
1965-11-01,31.7,2026-08-09T06:38:28.037897+00:00
1965-12-01,31.8,2026-08-09T06:38:28.037897+00:00
1966-01-01,31.8,2026-08-09T06:38:28.037897+00:00
1966-02-01,32.0,2026-08-09T06:38:28.037897+00:00
1966-03-01,32.1,2026-08-09T06:38:28.037897+00:00
1966-04-01,32.3,2026-08-09T06:38:28.037897+00:00
1966-05-01,32.3,2026-08-09T06:38:28.037897+00:00
1966-06-01,32.4,2026-08-09T06:38:28.037897+00:00
1966-07-01,32.5,2026-08-09T06:38:28.037897+00:00
1966-08-01,32.7,2026-08-09T06:38:28.037897+00:00
1966-09-01,32.7,2026-08-09T06:38:28.037897+00:00
1966-10-01,32.9,2026-08-09T06:38:28.037897+00:00
1966-11-01,32.9,2026-08-09T06:38:28.037897+00:00
1966-12-01,32.9,2026-08-09T06:38:28.037897+00:00
1967-01-01,32.9,2026-08-09T06:38:28.037897+00:00
1967-02-01,32.9,2026-08-09T06:38:28.037897+00:00
1967-03-01,33.0,2026-08-09T06:38:28.037897+00:00
1967-04-01,33.1,2026-08-09T06:38:28.037897+00:00
1967-05-01,33.2,2026-08-09T06:38:28.037897+00:00
1967-06-01,33.3,2026-08-09T06:38:28.037897+00:00
1967-07-01,33.4,2026-08-09T06:38:28.037897+00:00
1967-08-01,33.5,2026-08-09T06:38:28.037897+00:00
1967-09-01,33.6,2026-08-09T06:38:28.037897+00:00
1967-10-01,33.7,2026-08-09T06:38:28.037897+00:00
1967-11-01,33.8,2026-08-09T06:38:28.037897+00:00
1967-12-01,33.9,2026-08-09T06:38:28.037897+00:00
1968-01-01,34.1,2026-08-09T06:38:28.037897+00:00
1968-02-01,34.2,2026-08-09T06:38:28.037897+00:00
1968-03-01,34.3,2026-08-09T06:38:28.037897+00:00
1968-04-01,34.4,2026-08-09T06:38:28.037897+00:00
1968-05-01,34.5,2026-08-09T06:38:28.037897+00:00
1968-06-01,34.7,2026-08-09T06:38:28.037897+00:00
1968-07-01,34.9,2026-08-09T06:38:28.037897+00:00
1968-08-01,35.0,2026-08-09T06:38:28.037897+00:00
1968-09-01,35.1,2026-08-09T06:38:28.037897+00:00
1968-10-01,35.3,2026-08-09T06:38:28.037897+00:00
1968-11-01,35.4,2026-08-09T06:38:28.037897+00:00
1968-12-01,35.5,2026-08-09T06:38:28.037897+00:00
1969-01-01,35.6,2026-08-09T06:38:28.037897+00:00
1969-02-01,35.8,2026-08-09T06:38:28.037897+00:00
1969-03-01,36.1,2026-08-09T06:38:28.037897+00:00
1969-04-01,36.3,2026-08-09T06:38:28.037897+00:00
1969-05-01,36.4,2026-08-09T06:38:28.037897+00:00
1969-06-01,36.6,2026-08-09T06:38:28.037897+00:00
1969-07-01,36.8,2026-08-09T06:38:28.037897+00:00
1969-08-01,37.0,2026-08-09T06:38:28.037897+00:00
1969-09-01,37.1,2026-08-09T06:38:28.037897+00:00
1969-10-01,37.3,2026-08-09T06:38:28.037897+00:00
1969-11-01,37.5,2026-08-09T06:38:28.037897+00:00
1969-12-01,37.7,2026-08-09T06:38:28.037897+00:00
1970-01-01,37.8,2026-08-09T06:38:28.037897+00:00
1970-02-01,38.0,2026-08-09T06:38:28.037897+00:00
1970-03-01,38.2,2026-08-09T06:38:28.037897+00:00
1970-04-01,38.5,2026-08-09T06:38:28.037897+00:00
1970-05-01,38.6,2026-08-09T06:38:28.037897+00:00
1970-06-01,38.8,2026-08-09T06:38:28.037897+00:00
1970-07-01,39.0,2026-08-09T06:38:28.037897+00:00
1970-08-01,39.0,2026-08-09T06:38:28.037897+00:00
1970-09-01,39.2,2026-08-09T06:38:28.037897+00:00
1970-10-01,39.4,2026-08-09T06:38:28.037897+00:00
1970-11-01,39.6,2026-08-09T06:38:28.037897+00:00
1970-12-01,39.8,2026-08-09T06:38:28.037897+00:00
1971-01-01,39.8,2026-08-09T06:38:28.037897+00:00
1971-02-01,39.9,2026-08-09T06:38:28.037897+00:00
1971-03-01,40.0,2026-08-09T06:38:28.037897+00:00
1971-04-01,40.1,2026-08-09T06:38:28.037897+00:00
1971-05-01,40.3,2026-08-09T06:38:28.037897+00:00
1971-06-01,40.6,2026-08-09T06:38:28.037897+00:00
1971-07-01,40.7,2026-08-09T06:38:28.037897+00:00
1971-08-01,40.8,2026-08-09T06:38:28.037897+00:00
1971-09-01,40.8,2026-08-09T06:38:28.037897+00:00
1971-10-01,40.9,2026-08-09T06:38:28.037897+00:00
1971-11-01,40.9,2026-08-09T06:38:28.037897+00:00
1971-12-01,41.1,2026-08-09T06:38:28.037897+00:00
1972-01-01,41.1,2026-08-09T06:38:28.037897+00:00
1972-02-01,41.3,2026-08-09T06:38:28.037897+00:00
1972-03-01,41.4,2026-08-09T06:38:28.037897+00:00
1972-04-01,41.5,2026-08-09T06:38:28.037897+00:00
1972-05-01,41.6,2026-08-09T06:38:28.037897+00:00
1972-06-01,41.7,2026-08-09T06:38:28.037897+00:00
1972-07-01,41.9,2026-08-09T06:38:28.037897+00:00
1972-08-01,42.0,2026-08-09T06:38:28.037897+00:00
1972-09-01,42.1,2026-08-09T06:38:28.037897+00:00
1972-10-01,42.3,2026-08-09T06:38:28.037897+00:00
1972-11-01,42.4,2026-08-09T06:38:28.037897+00:00
1972-12-01,42.5,2026-08-09T06:38:28.037897+00:00
1973-01-01,42.6,2026-08-09T06:38:28.037897+00:00
1973-02-01,42.9,2026-08-09T06:38:28.037897+00:00
1973-03-01,43.3,2026-08-09T06:38:28.037897+00:00
1973-04-01,43.6,2026-08-09T06:38:28.037897+00:00
1973-05-01,43.9,2026-08-09T06:38:28.037897+00:00
1973-06-01,44.2,2026-08-09T06:38:28.037897+00:00
1973-07-01,44.3,2026-08-09T06:38:28.037897+00:00
1973-08-01,45.1,2026-08-09T06:38:28.037897+00:00
1973-09-01,45.2,2026-08-09T06:38:28.037897+00:00
1973-10-01,45.6,2026-08-09T06:38:28.037897+00:00
1973-11-01,45.9,2026-08-09T06:38:28.037897+00:00
1973-12-01,46.2,2026-08-09T06:38:28.037897+00:00
1974-01-01,46.6,2026-08-09T06:38:28.037897+00:00
1974-02-01,47.2,2026-08-09T06:38:28.037897+00:00
1974-03-01,47.8,2026-08-09T06:38:28.037897+00:00
1974-04-01,48.0,2026-08-09T06:38:28.037897+00:00
1974-05-01,48.6,2026-08-09T06:38:28.037897+00:00
1974-06-01,49.0,2026-08-09T06:38:28.037897+00:00
1974-07-01,49.4,2026-08-09T06:38:28.037897+00:00
1974-08-01,50.0,2026-08-09T06:38:28.037897+00:00
1974-09-01,50.6,2026-08-09T06:38:28.037897+00:00
1974-10-01,51.1,2026-08-09T06:38:28.037897+00:00
1974-11-01,51.5,2026-08-09T06:38:28.037897+00:00
1974-12-01,51.9,2026-08-09T06:38:28.037897+00:00
1975-01-01,52.1,2026-08-09T06:38:28.037897+00:00
1975-02-01,52.5,2026-08-09T06:38:28.037897+00:00
1975-03-01,52.7,2026-08-09T06:38:28.037897+00:00
1975-04-01,52.9,2026-08-09T06:38:28.037897+00:00
1975-05-01,53.2,2026-08-09T06:38:28.037897+00:00
1975-06-01,53.6,2026-08-09T06:38:28.037897+00:00
1975-07-01,54.2,2026-08-09T06:38:28.037897+00:00
1975-08-01,54.3,2026-08-09T06:38:28.037897+00:00
1975-09-01,54.6,2026-08-09T06:38:28.037897+00:00
1975-10-01,54.9,2026-08-09T06:38:28.037897+00:00
1975-11-01,55.3,2026-08-09T06:38:28.037897+00:00
1975-12-01,55.5,2026-08-09T06:38:28.037897+00:00
1976-01-01,55.6,2026-08-09T06:38:28.037897+00:00
1976-02-01,55.8,2026-08-09T06:38:28.037897+00:00
1976-03-01,55.9,2026-08-09T06:38:28.037897+00:00
1976-04-01,56.1,2026-08-09T06:38:28.037897+00:00
1976-05-01,56.5,2026-08-09T06:38:28.037897+00:00
1976-06-01,56.8,2026-08-09T06:38:28.037897+00:00
1976-07-01,57.1,2026-08-09T06:38:28.037897+00:00
1976-08-01,57.4,2026-08-09T06:38:28.037897+00:00
1976-09-01,57.6,2026-08-09T06:38:28.037897+00:00
1976-10-01,57.9,2026-08-09T06:38:28.037897+00:00
1976-11-01,58.0,2026-08-09T06:38:28.037897+00:00
1976-12-01,58.2,2026-08-09T06:38:28.037897+00:00
1977-01-01,58.5,2026-08-09T06:38:28.037897+00:00
1977-02-01,59.1,2026-08-09T06:38:28.037897+00:00
1977-03-01,59.5,2026-08-09T06:38:28.037897+00:00
1977-04-01,60.0,2026-08-09T06:38:28.037897+00:00
1977-05-01,60.3,2026-08-09T06:38:28.037897+00:00
1977-06-01,60.7,2026-08-09T06:38:28.037897+00:00
1977-07-01,61.0,2026-08-09T06:38:28.037897+00:00
1977-08-01,61.2,2026-08-09T06:38:28.037897+00:00
1977-09-01,61.4,2026-08-09T06:38:28.037897+00:00
1977-10-01,61.6,2026-08-09T06:38:28.037897+00:00
1977-11-01,61.9,2026-08-09T06:38:28.037897+00:00
1977-12-01,62.1,2026-08-09T06:38:28.037897+00:00
1978-01-01,62.5,2026-08-09T06:38:28.037897+00:00
1978-02-01,62.9,2026-08-09T06:38:28.037897+00:00
1978-03-01,63.4,2026-08-09T06:38:28.037897+00:00
1978-04-01,63.9,2026-08-09T06:38:28.037897+00:00
1978-05-01,64.5,2026-08-09T06:38:28.037897+00:00
1978-06-01,65.2,2026-08-09T06:38:28.037897+00:00
1978-07-01,65.7,2026-08-09T06:38:28.037897+00:00
1978-08-01,66.0,2026-08-09T06:38:28.037897+00:00
1978-09-01,66.5,2026-08-09T06:38:28.037897+00:00
1978-10-01,67.1,2026-08-09T06:38:28.037897+00:00
1978-11-01,67.4,2026-08-09T06:38:28.037897+00:00
1978-12-01,67.7,2026-08-09T06:38:28.037897+00:00
1979-01-01,68.3,2026-08-09T06:38:28.037897+00:00
1979-02-01,69.1,2026-08-09T06:38:28.037897+00:00
1979-03-01,69.8,2026-08-09T06:38:28.037897+00:00
1979-04-01,70.6,2026-08-09T06:38:28.037897+00:00
1979-05-01,71.5,2026-08-09T06:38:28.037897+00:00
1979-06-01,72.3,2026-08-09T06:38:28.037897+00:00
1979-07-01,73.1,2026-08-09T06:38:28.037897+00:00
1979-08-01,73.8,2026-08-09T06:38:28.037897+00:00
1979-09-01,74.6,2026-08-09T06:38:28.037897+00:00
1979-10-01,75.2,2026-08-09T06:38:28.037897+00:00
1979-11-01,75.9,2026-08-09T06:38:28.037897+00:00
1979-12-01,76.7,2026-08-09T06:38:28.037897+00:00
1980-01-01,77.8,2026-08-09T06:38:28.037897+00:00
1980-02-01,78.9,2026-08-09T06:38:28.037897+00:00
1980-03-01,80.1,2026-08-09T06:38:28.037897+00:00
1980-04-01,81.0,2026-08-09T06:38:28.037897+00:00
1980-05-01,81.8,2026-08-09T06:38:28.037897+00:00
1980-06-01,82.7,2026-08-09T06:38:28.037897+00:00
1980-07-01,82.7,2026-08-09T06:38:28.037897+00:00
1980-08-01,83.3,2026-08-09T06:38:28.037897+00:00
1980-09-01,84.0,2026-08-09T06:38:28.037897+00:00
1980-10-01,84.8,2026-08-09T06:38:28.037897+00:00
1980-11-01,85.5,2026-08-09T06:38:28.037897+00:00
1980-12-01,86.3,2026-08-09T06:38:28.037897+00:00
1981-01-01,87.0,2026-08-09T06:38:28.037897+00:00
1981-02-01,87.9,2026-08-09T06:38:28.037897+00:00
1981-03-01,88.5,2026-08-09T06:38:28.037897+00:00
1981-04-01,89.1,2026-08-09T06:38:28.037897+00:00
1981-05-01,89.8,2026-08-09T06:38:28.037897+00:00
1981-06-01,90.6,2026-08-09T06:38:28.037897+00:00
1981-07-01,91.6,2026-08-09T06:38:28.037897+00:00
1981-08-01,92.3,2026-08-09T06:38:28.037897+00:00
1981-09-01,93.2,2026-08-09T06:38:28.037897+00:00
1981-10-01,93.4,2026-08-09T06:38:28.037897+00:00
1981-11-01,93.7,2026-08-09T06:38:28.037897+00:00
1981-12-01,94.0,2026-08-09T06:38:28.037897+00:00
1982-01-01,94.3,2026-08-09T06:38:28.037897+00:00
1982-02-01,94.6,2026-08-09T06:38:28.037897+00:00
1982-03-01,94.5,2026-08-09T06:38:28.037897+00:00
1982-04-01,94.9,2026-08-09T06:38:28.037897+00:00
1982-05-01,95.8,2026-08-09T06:38:28.037897+00:00
1982-06-01,97.0,2026-08-09T06:38:28.037897+00:00
1982-07-01,97.5,2026-08-09T06:38:28.037897+00:00
1982-08-01,97.7,2026-08-09T06:38:28.037897+00:00
1982-09-01,97.9,2026-08-09T06:38:28.037897+00:00
1982-10-01,98.2,2026-08-09T06:38:28.037897+00:00
1982-11-01,98.0,2026-08-09T06:38:28.037897+00:00
1982-12-01,97.6,2026-08-09T06:38:28.037897+00:00
1983-01-01,97.8,2026-08-09T06:38:28.037897+00:00
1983-02-01,97.9,2026-08-09T06:38:28.037897+00:00
1983-03-01,97.9,2026-08-09T06:38:28.037897+00:00
1983-04-01,98.6,2026-08-09T06:38:28.037897+00:00
1983-05-01,99.2,2026-08-09T06:38:28.037897+00:00
1983-06-01,99.5,2026-08-09T06:38:28.037897+00:00
1983-07-01,99.9,2026-08-09T06:38:28.037897+00:00
1983-08-01,100.2,2026-08-09T06:38:28.037897+00:00
1983-09-01,100.7,2026-08-09T06:38:28.037897+00:00
1983-10-01,101.0,2026-08-09T06:38:28.037897+00:00
1983-11-01,101.2,2026-08-09T06:38:28.037897+00:00
1983-12-01,101.3,2026-08-09T06:38:28.037897+00:00
1984-01-01,101.9,2026-08-09T06:38:28.037897+00:00
1984-02-01,102.4,2026-08-09T06:38:28.037897+00:00
1984-03-01,102.6,2026-08-09T06:38:28.037897+00:00
1984-04-01,103.1,2026-08-09T06:38:28.037897+00:00
1984-05-01,103.4,2026-08-09T06:38:28.037897+00:00
1984-06-01,103.7,2026-08-09T06:38:28.037897+00:00
1984-07-01,104.1,2026-08-09T06:38:28.037897+00:00
1984-08-01,104.5,2026-08-09T06:38:28.037897+00:00
1984-09-01,105.0,2026-08-09T06:38:28.037897+00:00
1984-10-01,105.3,2026-08-09T06:38:28.037897+00:00
1984-11-01,105.3,2026-08-09T06:38:28.037897+00:00
1984-12-01,105.3,2026-08-09T06:38:28.037897+00:00
1985-01-01,105.5,2026-08-09T06:38:28.037897+00:00
1985-02-01,106.0,2026-08-09T06:38:28.037897+00:00
1985-03-01,106.4,2026-08-09T06:38:28.037897+00:00
1985-04-01,106.9,2026-08-09T06:38:28.037897+00:00
1985-05-01,107.3,2026-08-09T06:38:28.037897+00:00
1985-06-01,107.6,2026-08-09T06:38:28.037897+00:00
1985-07-01,107.8,2026-08-09T06:38:28.037897+00:00
1985-08-01,108.0,2026-08-09T06:38:28.037897+00:00
1985-09-01,108.3,2026-08-09T06:38:28.037897+00:00
1985-10-01,108.7,2026-08-09T06:38:28.037897+00:00
1985-11-01,109.0,2026-08-09T06:38:28.037897+00:00
1985-12-01,109.3,2026-08-09T06:38:28.037897+00:00
1986-01-01,109.6,2026-08-09T06:38:28.037897+00:00
1986-02-01,109.3,2026-08-09T06:38:28.037897+00:00
1986-03-01,108.8,2026-08-09T06:38:28.037897+00:00
1986-04-01,108.6,2026-08-09T06:38:28.037897+00:00
1986-05-01,108.9,2026-08-09T06:38:28.037897+00:00
1986-06-01,109.5,2026-08-09T06:38:28.037897+00:00
1986-07-01,109.5,2026-08-09T06:38:28.037897+00:00
1986-08-01,109.7,2026-08-09T06:38:28.037897+00:00
1986-09-01,110.2,2026-08-09T06:38:28.037897+00:00
1986-10-01,110.3,2026-08-09T06:38:28.037897+00:00
1986-11-01,110.4,2026-08-09T06:38:28.037897+00:00
1986-12-01,110.5,2026-08-09T06:38:28.037897+00:00
1987-01-01,111.2,2026-08-09T06:38:28.037897+00:00
1987-02-01,111.6,2026-08-09T06:38:28.037897+00:00
1987-03-01,112.1,2026-08-09T06:38:28.037897+00:00
1987-04-01,112.7,2026-08-09T06:38:28.037897+00:00
1987-05-01,113.1,2026-08-09T06:38:28.037897+00:00
1987-06-01,113.5,2026-08-09T06:38:28.037897+00:00
1987-07-01,113.8,2026-08-09T06:38:28.037897+00:00
1987-08-01,114.4,2026-08-09T06:38:28.037897+00:00
1987-09-01,115.0,2026-08-09T06:38:28.037897+00:00
1987-10-01,115.3,2026-08-09T06:38:28.037897+00:00
1987-11-01,115.4,2026-08-09T06:38:28.037897+00:00
1987-12-01,115.4,2026-08-09T06:38:28.037897+00:00
1988-01-01,115.7,2026-08-09T06:38:28.037897+00:00
1988-02-01,116.0,2026-08-09T06:38:28.037897+00:00
1988-03-01,116.5,2026-08-09T06:38:28.037897+00:00
1988-04-01,117.1,2026-08-09T06:38:28.037897+00:00
1988-05-01,117.5,2026-08-09T06:38:28.037897+00:00
1988-06-01,118.0,2026-08-09T06:38:28.037897+00:00
1988-07-01,118.5,2026-08-09T06:38:28.037897+00:00
1988-08-01,119.0,2026-08-09T06:38:28.037897+00:00
1988-09-01,119.8,2026-08-09T06:38:28.037897+00:00
1988-10-01,120.2,2026-08-09T06:38:28.037897+00:00
1988-11-01,120.3,2026-08-09T06:38:28.037897+00:00
1988-12-01,120.5,2026-08-09T06:38:28.037897+00:00
1989-01-01,121.1,2026-08-09T06:38:28.037897+00:00
1989-02-01,121.6,2026-08-09T06:38:28.037897+00:00
1989-03-01,122.3,2026-08-09T06:38:28.037897+00:00
1989-04-01,123.1,2026-08-09T06:38:28.037897+00:00
1989-05-01,123.8,2026-08-09T06:38:28.037897+00:00
1989-06-01,124.1,2026-08-09T06:38:28.037897+00:00
1989-07-01,124.4,2026-08-09T06:38:28.037897+00:00
1989-08-01,124.6,2026-08-09T06:38:28.037897+00:00
1989-09-01,125.0,2026-08-09T06:38:28.037897+00:00
1989-10-01,125.6,2026-08-09T06:38:28.037897+00:00
1989-11-01,125.9,2026-08-09T06:38:28.037897+00:00
1989-12-01,126.1,2026-08-09T06:38:28.037897+00:00
1990-01-01,127.4,2026-08-09T06:38:28.037897+00:00
1990-02-01,128.0,2026-08-09T06:38:28.037897+00:00
1990-03-01,128.7,2026-08-09T06:38:28.037897+00:00
1990-04-01,128.9,2026-08-09T06:38:28.037897+00:00
1990-05-01,129.2,2026-08-09T06:38:28.037897+00:00
1990-06-01,129.9,2026-08-09T06:38:28.037897+00:00
1990-07-01,130.4,2026-08-09T06:38:28.037897+00:00
1990-08-01,131.6,2026-08-09T06:38:28.037897+00:00
1990-09-01,132.7,2026-08-09T06:38:28.037897+00:00
1990-10-01,133.5,2026-08-09T06:38:28.037897+00:00
1990-11-01,133.8,2026-08-09T06:38:28.037897+00:00
1990-12-01,133.8,2026-08-09T06:38:28.037897+00:00
1991-01-01,134.6,2026-08-09T06:38:28.037897+00:00
1991-02-01,134.8,2026-08-09T06:38:28.037897+00:00
1991-03-01,135.0,2026-08-09T06:38:28.037897+00:00
1991-04-01,135.2,2026-08-09T06:38:28.037897+00:00
1991-05-01,135.6,2026-08-09T06:38:28.037897+00:00
1991-06-01,136.0,2026-08-09T06:38:28.037897+00:00
1991-07-01,136.2,2026-08-09T06:38:28.037897+00:00
1991-08-01,136.6,2026-08-09T06:38:28.037897+00:00
1991-09-01,137.2,2026-08-09T06:38:28.037897+00:00
1991-10-01,137.4,2026-08-09T06:38:28.037897+00:00
1991-11-01,137.8,2026-08-09T06:38:28.037897+00:00
1991-12-01,137.9,2026-08-09T06:38:28.037897+00:00
1992-01-01,138.1,2026-08-09T06:38:28.037897+00:00
1992-02-01,138.6,2026-08-09T06:38:28.037897+00:00
1992-03-01,139.3,2026-08-09T06:38:28.037897+00:00
1992-04-01,139.5,2026-08-09T06:38:28.037897+00:00
1992-05-01,139.7,2026-08-09T06:38:28.037897+00:00
1992-06-01,140.2,2026-08-09T06:38:28.037897+00:00
1992-07-01,140.5,2026-08-09T06:38:28.037897+00:00
1992-08-01,140.9,2026-08-09T06:38:28.037897+00:00
1992-09-01,141.3,2026-08-09T06:38:28.037897+00:00
1992-10-01,141.8,2026-08-09T06:38:28.037897+00:00
1992-11-01,142.0,2026-08-09T06:38:28.037897+00:00
1992-12-01,141.9,2026-08-09T06:38:28.037897+00:00
1993-01-01,142.6,2026-08-09T06:38:28.037897+00:00
1993-02-01,143.1,2026-08-09T06:38:28.037897+00:00
1993-03-01,143.6,2026-08-09T06:38:28.037897+00:00
1993-04-01,144.0,2026-08-09T06:38:28.037897+00:00
1993-05-01,144.2,2026-08-09T06:38:28.037897+00:00
1993-06-01,144.4,2026-08-09T06:38:28.037897+00:00
1993-07-01,144.4,2026-08-09T06:38:28.037897+00:00
1993-08-01,144.8,2026-08-09T06:38:28.037897+00:00
1993-09-01,145.1,2026-08-09T06:38:28.037897+00:00
1993-10-01,145.7,2026-08-09T06:38:28.037897+00:00
1993-11-01,145.8,2026-08-09T06:38:28.037897+00:00
1993-12-01,145.8,2026-08-09T06:38:28.037897+00:00
1994-01-01,146.2,2026-08-09T06:38:28.037897+00:00
1994-02-01,146.7,2026-08-09T06:38:28.037897+00:00
1994-03-01,147.2,2026-08-09T06:38:28.037897+00:00
1994-04-01,147.4,2026-08-09T06:38:28.037897+00:00
1994-05-01,147.5,2026-08-09T06:38:28.037897+00:00
1994-06-01,148.0,2026-08-09T06:38:28.037897+00:00
1994-07-01,148.4,2026-08-09T06:38:28.037897+00:00
1994-08-01,149.0,2026-08-09T06:38:28.037897+00:00
1994-09-01,149.4,2026-08-09T06:38:28.037897+00:00
1994-10-01,149.5,2026-08-09T06:38:28.037897+00:00
1994-11-01,149.7,2026-08-09T06:38:28.037897+00:00
1994-12-01,149.7,2026-08-09T06:38:28.037897+00:00
1995-01-01,150.3,2026-08-09T06:38:28.037897+00:00
1995-02-01,150.9,2026-08-09T06:38:28.037897+00:00
1995-03-01,151.4,2026-08-09T06:38:28.037897+00:00
1995-04-01,151.9,2026-08-09T06:38:28.037897+00:00
1995-05-01,152.2,2026-08-09T06:38:28.037897+00:00
1995-06-01,152.5,2026-08-09T06:38:28.037897+00:00
1995-07-01,152.5,2026-08-09T06:38:28.037897+00:00
1995-08-01,152.9,2026-08-09T06:38:28.037897+00:00
1995-09-01,153.2,2026-08-09T06:38:28.037897+00:00
1995-10-01,153.7,2026-08-09T06:38:28.037897+00:00
1995-11-01,153.6,2026-08-09T06:38:28.037897+00:00
1995-12-01,153.5,2026-08-09T06:38:28.037897+00:00
1996-01-01,154.4,2026-08-09T06:38:28.037897+00:00
1996-02-01,154.9,2026-08-09T06:38:28.037897+00:00
1996-03-01,155.7,2026-08-09T06:38:28.037897+00:00
1996-04-01,156.3,2026-08-09T06:38:28.037897+00:00
1996-05-01,156.6,2026-08-09T06:38:28.037897+00:00
1996-06-01,156.7,2026-08-09T06:38:28.037897+00:00
1996-07-01,157.0,2026-08-09T06:38:28.037897+00:00
1996-08-01,157.3,2026-08-09T06:38:28.037897+00:00
1996-09-01,157.8,2026-08-09T06:38:28.037897+00:00
1996-10-01,158.3,2026-08-09T06:38:28.037897+00:00
1996-11-01,158.6,2026-08-09T06:38:28.037897+00:00
1996-12-01,158.6,2026-08-09T06:38:28.037897+00:00
1997-01-01,159.1,2026-08-09T06:38:28.037897+00:00
1997-02-01,159.6,2026-08-09T06:38:28.037897+00:00
1997-03-01,160.0,2026-08-09T06:38:28.037897+00:00
1997-04-01,160.2,2026-08-09T06:38:28.037897+00:00
1997-05-01,160.1,2026-08-09T06:38:28.037897+00:00
1997-06-01,160.3,2026-08-09T06:38:28.037897+00:00
1997-07-01,160.5,2026-08-09T06:38:28.037897+00:00
1997-08-01,160.8,2026-08-09T06:38:28.037897+00:00
1997-09-01,161.2,2026-08-09T06:38:28.037897+00:00
1997-10-01,161.6,2026-08-09T06:38:28.037897+00:00
1997-11-01,161.5,2026-08-09T06:38:28.037897+00:00
1997-12-01,161.3,2026-08-09T06:38:28.037897+00:00
1998-01-01,161.6,2026-08-09T06:38:28.037897+00:00
1998-02-01,161.9,2026-08-09T06:38:28.037897+00:00
1998-03-01,162.2,2026-08-09T06:38:28.037897+00:00
1998-04-01,162.5,2026-08-09T06:38:28.037897+00:00
1998-05-01,162.8,2026-08-09T06:38:28.037897+00:00
1998-06-01,163.0,2026-08-09T06:38:28.037897+00:00
1998-07-01,163.2,2026-08-09T06:38:28.037897+00:00
1998-08-01,163.4,2026-08-09T06:38:28.037897+00:00
1998-09-01,163.6,2026-08-09T06:38:28.037897+00:00
1998-10-01,164.0,2026-08-09T06:38:28.037897+00:00
1998-11-01,164.0,2026-08-09T06:38:28.037897+00:00
1998-12-01,163.9,2026-08-09T06:38:28.037897+00:00
1999-01-01,164.3,2026-08-09T06:38:28.037897+00:00
1999-02-01,164.5,2026-08-09T06:38:28.037897+00:00
1999-03-01,165.0,2026-08-09T06:38:28.037897+00:00
1999-04-01,166.2,2026-08-09T06:38:28.037897+00:00
1999-05-01,166.2,2026-08-09T06:38:28.037897+00:00
1999-06-01,166.2,2026-08-09T06:38:28.037897+00:00
1999-07-01,166.7,2026-08-09T06:38:28.037897+00:00
1999-08-01,167.1,2026-08-09T06:38:28.037897+00:00
1999-09-01,167.9,2026-08-09T06:38:28.037897+00:00
1999-10-01,168.2,2026-08-09T06:38:28.037897+00:00
1999-11-01,168.3,2026-08-09T06:38:28.037897+00:00
1999-12-01,168.3,2026-08-09T06:38:28.037897+00:00
2000-01-01,168.8,2026-08-09T06:38:28.037897+00:00
2000-02-01,169.8,2026-08-09T06:38:28.037897+00:00
2000-03-01,171.2,2026-08-09T06:38:28.037897+00:00
2000-04-01,171.3,2026-08-09T06:38:28.037897+00:00
2000-05-01,171.5,2026-08-09T06:38:28.037897+00:00
2000-06-01,172.4,2026-08-09T06:38:28.037897+00:00
2000-07-01,172.8,2026-08-09T06:38:28.037897+00:00
2000-08-01,172.8,2026-08-09T06:38:28.037897+00:00
2000-09-01,173.7,2026-08-09T06:38:28.037897+00:00
2000-10-01,174.0,2026-08-09T06:38:28.037897+00:00
2000-11-01,174.1,2026-08-09T06:38:28.037897+00:00
2000-12-01,174.0,2026-08-09T06:38:28.037897+00:00
2001-01-01,175.1,2026-08-09T06:38:28.037897+00:00
2001-02-01,175.8,2026-08-09T06:38:28.037897+00:00
2001-03-01,176.2,2026-08-09T06:38:28.037897+00:00
2001-04-01,176.9,2026-08-09T06:38:28.037897+00:00
2001-05-01,177.7,2026-08-09T06:38:28.037897+00:00
2001-06-01,178.0,2026-08-09T06:38:28.037897+00:00
2001-07-01,177.5,2026-08-09T06:38:28.037897+00:00
2001-08-01,177.5,2026-08-09T06:38:28.037897+00:00
2001-09-01,178.3,2026-08-09T06:38:28.037897+00:00
2001-10-01,177.7,2026-08-09T06:38:28.037897+00:00
2001-11-01,177.4,2026-08-09T06:38:28.037897+00:00
2001-12-01,176.7,2026-08-09T06:38:28.037897+00:00
2002-01-01,177.1,2026-08-09T06:38:28.037897+00:00
2002-02-01,177.8,2026-08-09T06:38:28.037897+00:00
2002-03-01,178.8,2026-08-09T06:38:28.037897+00:00
2002-04-01,179.8,2026-08-09T06:38:28.037897+00:00
2002-05-01,179.8,2026-08-09T06:38:28.037897+00:00
2002-06-01,179.9,2026-08-09T06:38:28.037897+00:00
2002-07-01,180.1,2026-08-09T06:38:28.037897+00:00
2002-08-01,180.7,2026-08-09T06:38:28.037897+00:00
2002-09-01,181.0,2026-08-09T06:38:28.037897+00:00
2002-10-01,181.3,2026-08-09T06:38:28.037897+00:00
2002-11-01,181.3,2026-08-09T06:38:28.037897+00:00
2002-12-01,180.9,2026-08-09T06:38:28.037897+00:00
2003-01-01,181.7,2026-08-09T06:38:28.037897+00:00
2003-02-01,183.1,2026-08-09T06:38:28.037897+00:00
2003-03-01,184.2,2026-08-09T06:38:28.037897+00:00
2003-04-01,183.8,2026-08-09T06:38:28.037897+00:00
2003-05-01,183.5,2026-08-09T06:38:28.037897+00:00
2003-06-01,183.7,2026-08-09T06:38:28.037897+00:00
2003-07-01,183.9,2026-08-09T06:38:28.037897+00:00
2003-08-01,184.6,2026-08-09T06:38:28.037897+00:00
2003-09-01,185.2,2026-08-09T06:38:28.037897+00:00
2003-10-01,185.0,2026-08-09T06:38:28.037897+00:00
2003-11-01,184.5,2026-08-09T06:38:28.037897+00:00
2003-12-01,184.3,2026-08-09T06:38:28.037897+00:00
2004-01-01,185.2,2026-08-09T06:38:28.037897+00:00
2004-02-01,186.2,2026-08-09T06:38:28.037897+00:00
2004-03-01,187.4,2026-08-09T06:38:28.037897+00:00
2004-04-01,188.0,2026-08-09T06:38:28.037897+00:00
2004-05-01,189.1,2026-08-09T06:38:28.037897+00:00
2004-06-01,189.7,2026-08-09T06:38:28.037897+00:00
2004-07-01,189.4,2026-08-09T06:38:28.037897+00:00
2004-08-01,189.5,2026-08-09T06:38:28.037897+00:00
2004-09-01,189.9,2026-08-09T06:38:28.037897+00:00
2004-10-01,190.9,2026-08-09T06:38:28.037897+00:00
2004-11-01,191.0,2026-08-09T06:38:28.037897+00:00
2004-12-01,190.3,2026-08-09T06:38:28.037897+00:00
2005-01-01,190.7,2026-08-09T06:38:28.037897+00:00
2005-02-01,191.8,2026-08-09T06:38:28.037897+00:00
2005-03-01,193.3,2026-08-09T06:38:28.037897+00:00
2005-04-01,194.6,2026-08-09T06:38:28.037897+00:00
2005-05-01,194.4,2026-08-09T06:38:28.037897+00:00
2005-06-01,194.5,2026-08-09T06:38:28.037897+00:00
2005-07-01,195.4,2026-08-09T06:38:28.037897+00:00
2005-08-01,196.4,2026-08-09T06:38:28.037897+00:00
2005-09-01,198.8,2026-08-09T06:38:28.037897+00:00
2005-10-01,199.2,2026-08-09T06:38:28.037897+00:00
2005-11-01,197.6,2026-08-09T06:38:28.037897+00:00
2005-12-01,196.8,2026-08-09T06:38:28.037897+00:00
2006-01-01,198.3,2026-08-09T06:38:28.037897+00:00
2006-02-01,198.7,2026-08-09T06:38:28.037897+00:00
2006-03-01,199.8,2026-08-09T06:38:28.037897+00:00
2006-04-01,201.5,2026-08-09T06:38:28.037897+00:00
2006-05-01,202.5,2026-08-09T06:38:28.037897+00:00
2006-06-01,202.9,2026-08-09T06:38:28.037897+00:00
2006-07-01,203.5,2026-08-09T06:38:28.037897+00:00
2006-08-01,203.9,2026-08-09T06:38:28.037897+00:00
2006-09-01,202.9,2026-08-09T06:38:28.037897+00:00
2006-10-01,201.8,2026-08-09T06:38:28.037897+00:00
2006-11-01,201.5,2026-08-09T06:38:28.037897+00:00
2006-12-01,201.8,2026-08-09T06:38:28.037897+00:00
2007-01-01,202.42,2026-08-09T06:38:28.037897+00:00
2007-02-01,203.5,2026-08-09T06:38:28.037897+00:00
2007-03-01,205.35,2026-08-09T06:38:28.037897+00:00
2007-04-01,206.69,2026-08-09T06:38:28.037897+00:00
2007-05-01,207.95,2026-08-09T06:38:28.037897+00:00
2007-06-01,208.35,2026-08-09T06:38:28.037897+00:00
2007-07-01,208.3,2026-08-09T06:38:28.037897+00:00
2007-08-01,207.92,2026-08-09T06:38:28.037897+00:00
2007-09-01,208.49,2026-08-09T06:38:28.037897+00:00
2007-10-01,208.94,2026-08-09T06:38:28.037897+00:00
2007-11-01,210.18,2026-08-09T06:38:28.037897+00:00
2007-12-01,210.04,2026-08-09T06:38:28.037897+00:00
2008-01-01,211.08,2026-08-09T06:38:28.037897+00:00
2008-02-01,211.69,2026-08-09T06:38:28.037897+00:00
2008-03-01,213.53,2026-08-09T06:38:28.037897+00:00
2008-04-01,214.82,2026-08-09T06:38:28.037897+00:00
2008-05-01,216.63,2026-08-09T06:38:28.037897+00:00
2008-06-01,218.81,2026-08-09T06:38:28.037897+00:00
2008-07-01,219.96,2026-08-09T06:38:28.037897+00:00
2008-08-01,219.09,2026-08-09T06:38:28.037897+00:00
2008-09-01,218.78,2026-08-09T06:38:28.037897+00:00
2008-10-01,216.57,2026-08-09T06:38:28.037897+00:00
2008-11-01,212.43,2026-08-09T06:38:28.037897+00:00
2008-12-01,210.23,2026-08-09T06:38:28.037897+00:00
2009-01-01,211.14,2026-08-09T06:38:28.037897+00:00
2009-02-01,212.19,2026-08-09T06:38:28.037897+00:00
2009-03-01,212.71,2026-08-09T06:38:28.037897+00:00
2009-04-01,213.24,2026-08-09T06:38:28.037897+00:00
2009-05-01,213.86,2026-08-09T06:38:28.037897+00:00
2009-06-01,215.69,2026-08-09T06:38:28.037897+00:00
2009-07-01,215.35,2026-08-09T06:38:28.037897+00:00
2009-08-01,215.83,2026-08-09T06:38:28.037897+00:00
2009-09-01,215.97,2026-08-09T06:38:28.037897+00:00
2009-10-01,216.18,2026-08-09T06:38:28.037897+00:00
2009-11-01,216.33,2026-08-09T06:38:28.037897+00:00
2009-12-01,215.95,2026-08-09T06:38:28.037897+00:00
2010-01-01,216.69,2026-08-09T06:38:28.037897+00:00
2010-02-01,216.74,2026-08-09T06:38:28.037897+00:00
2010-03-01,217.63,2026-08-09T06:38:28.037897+00:00
2010-04-01,218.01,2026-08-09T06:38:28.037897+00:00
2010-05-01,218.18,2026-08-09T06:38:28.037897+00:00
2010-06-01,217.97,2026-08-09T06:38:28.037897+00:00
2010-07-01,218.01,2026-08-09T06:38:28.037897+00:00
2010-08-01,218.31,2026-08-09T06:38:28.037897+00:00
2010-09-01,218.44,2026-08-09T06:38:28.037897+00:00
2010-10-01,218.71,2026-08-09T06:38:28.037897+00:00
2010-11-01,218.8,2026-08-09T06:38:28.037897+00:00
2010-12-01,219.18,2026-08-09T06:38:28.037897+00:00
2011-01-01,220.22,2026-08-09T06:38:28.037897+00:00
2011-02-01,221.31,2026-08-09T06:38:28.037897+00:00
2011-03-01,223.47,2026-08-09T06:38:28.037897+00:00
2011-04-01,224.91,2026-08-09T06:38:28.037897+00:00
2011-05-01,225.96,2026-08-09T06:38:28.037897+00:00
2011-06-01,225.72,2026-08-09T06:38:28.037897+00:00
2011-07-01,225.92,2026-08-09T06:38:28.037897+00:00
2011-08-01,226.54,2026-08-09T06:38:28.037897+00:00
2011-09-01,226.89,2026-08-09T06:38:28.037897+00:00
2011-10-01,226.42,2026-08-09T06:38:28.037897+00:00
2011-11-01,226.23,2026-08-09T06:38:28.037897+00:00
2011-12-01,225.67,2026-08-09T06:38:28.037897+00:00
2012-01-01,226.66,2026-08-09T06:38:28.037897+00:00
2012-02-01,227.66,2026-08-09T06:38:28.037897+00:00
2012-03-01,229.39,2026-08-09T06:38:28.037897+00:00
2012-04-01,230.09,2026-08-09T06:38:28.037897+00:00
2012-05-01,229.81,2026-08-09T06:38:28.037897+00:00
2012-06-01,229.48,2026-08-09T06:38:28.037897+00:00
2012-07-01,229.1,2026-08-09T06:38:28.037897+00:00
2012-08-01,230.38,2026-08-09T06:38:28.037897+00:00
2012-09-01,231.41,2026-08-09T06:38:28.037897+00:00
2012-10-01,231.32,2026-08-09T06:38:28.037897+00:00
2012-11-01,230.22,2026-08-09T06:38:28.037897+00:00
2012-12-01,229.6,2026-08-09T06:38:28.037897+00:00
2013-01-01,230.28,2026-08-09T06:38:28.037897+00:00
2013-02-01,232.17,2026-08-09T06:38:28.037897+00:00
2013-03-01,232.77,2026-08-09T06:38:28.037897+00:00
2013-04-01,232.53,2026-08-09T06:38:28.037897+00:00
2013-05-01,232.94,2026-08-09T06:38:28.037897+00:00
2013-06-01,233.5,2026-08-09T06:38:28.037897+00:00
2013-07-01,233.6,2026-08-09T06:38:28.037897+00:00
2013-08-01,233.88,2026-08-09T06:38:28.037897+00:00
2013-09-01,234.15,2026-08-09T06:38:28.037897+00:00
2013-10-01,233.55,2026-08-09T06:38:28.037897+00:00
2013-11-01,233.07,2026-08-09T06:38:28.037897+00:00
2013-12-01,233.05,2026-08-09T06:38:28.037897+00:00
2014-01-01,233.92,2026-08-09T06:38:28.037897+00:00
2014-02-01,234.78,2026-08-09T06:38:28.037897+00:00
2014-03-01,236.29,2026-08-09T06:38:28.037897+00:00
2014-04-01,237.07,2026-08-09T06:38:28.037897+00:00
2014-05-01,237.9,2026-08-09T06:38:28.037897+00:00
2014-06-01,238.34,2026-08-09T06:38:28.037897+00:00
2014-07-01,238.25,2026-08-09T06:38:28.037897+00:00
2014-08-01,237.85,2026-08-09T06:38:28.037897+00:00
2014-09-01,238.03,2026-08-09T06:38:28.037897+00:00
2014-10-01,237.43,2026-08-09T06:38:28.037897+00:00
2014-11-01,236.15,2026-08-09T06:38:28.037897+00:00
2014-12-01,234.81,2026-08-09T06:38:28.037897+00:00
2015-01-01,233.71,2026-08-09T06:38:28.037897+00:00
2015-02-01,234.72,2026-08-09T06:38:28.037897+00:00
2015-03-01,236.12,2026-08-09T06:38:28.037897+00:00
2015-04-01,236.6,2026-08-09T06:38:28.037897+00:00
2015-05-01,237.81,2026-08-09T06:38:28.037897+00:00
2015-06-01,238.64,2026-08-09T06:38:28.037897+00:00
2015-07-01,238.65,2026-08-09T06:38:28.037897+00:00
2015-08-01,238.32,2026-08-09T06:38:28.037897+00:00
2015-09-01,237.94,2026-08-09T06:38:28.037897+00:00
2015-10-01,237.84,2026-08-09T06:38:28.037897+00:00
2015-11-01,237.34,2026-08-09T06:38:28.037897+00:00
2015-12-01,236.53,2026-08-09T06:38:28.037897+00:00
2016-01-01,236.92,2026-08-09T06:38:28.037897+00:00
2016-02-01,237.11,2026-08-09T06:38:28.037897+00:00
2016-03-01,238.13,2026-08-09T06:38:28.037897+00:00
2016-04-01,239.26,2026-08-09T06:38:28.037897+00:00
2016-05-01,240.23,2026-08-09T06:38:28.037897+00:00
2016-06-01,241.02,2026-08-09T06:38:28.037897+00:00
2016-07-01,240.63,2026-08-09T06:38:28.037897+00:00
2016-08-01,240.85,2026-08-09T06:38:28.037897+00:00
2016-09-01,241.43,2026-08-09T06:38:28.037897+00:00
2016-10-01,241.73,2026-08-09T06:38:28.037897+00:00
2016-11-01,241.35,2026-08-09T06:38:28.037897+00:00
2016-12-01,241.43,2026-08-09T06:38:28.037897+00:00
2017-01-01,242.84,2026-08-09T06:38:28.037897+00:00
2017-02-01,243.6,2026-08-09T06:38:28.037897+00:00
2017-03-01,243.8,2026-08-09T06:38:28.037897+00:00
2017-04-01,244.52,2026-08-09T06:38:28.037897+00:00
2017-05-01,244.73,2026-08-09T06:38:28.037897+00:00
2017-06-01,244.96,2026-08-09T06:38:28.037897+00:00
2017-07-01,244.79,2026-08-09T06:38:28.037897+00:00
2017-08-01,245.52,2026-08-09T06:38:28.037897+00:00
2017-09-01,246.82,2026-08-09T06:38:28.037897+00:00
2017-10-01,246.66,2026-08-09T06:38:28.037897+00:00
2017-11-01,246.67,2026-08-09T06:38:28.037897+00:00
2017-12-01,246.52,2026-08-09T06:38:28.037897+00:00
2018-01-01,247.87,2026-08-09T06:38:28.037897+00:00
2018-02-01,248.99,2026-08-09T06:38:28.037897+00:00
2018-03-01,249.55,2026-08-09T06:38:28.037897+00:00
2018-04-01,250.55,2026-08-09T06:38:28.037897+00:00
2018-05-01,251.59,2026-08-09T06:38:28.037897+00:00
2018-06-01,251.99,2026-08-09T06:38:28.037897+00:00
2018-07-01,252.01,2026-08-09T06:38:28.037897+00:00
2018-08-01,252.15,2026-08-09T06:38:28.037897+00:00
2018-09-01,252.44,2026-08-09T06:38:28.037897+00:00
2018-10-01,252.88,2026-08-09T06:38:28.037897+00:00
2018-11-01,252.04,2026-08-09T06:38:28.037897+00:00
2018-12-01,251.23,2026-08-09T06:38:28.037897+00:00
2019-01-01,251.71,2026-08-09T06:38:28.037897+00:00
2019-02-01,252.78,2026-08-09T06:38:28.037897+00:00
2019-03-01,254.2,2026-08-09T06:38:28.037897+00:00
2019-04-01,255.55,2026-08-09T06:38:28.037897+00:00
2019-05-01,256.09,2026-08-09T06:38:28.037897+00:00
2019-06-01,256.14,2026-08-09T06:38:28.037897+00:00
2019-07-01,256.57,2026-08-09T06:38:28.037897+00:00
2019-08-01,256.56,2026-08-09T06:38:28.037897+00:00
2019-09-01,256.76,2026-08-09T06:38:28.037897+00:00
2019-10-01,257.35,2026-08-09T06:38:28.037897+00:00
2019-11-01,257.21,2026-08-09T06:38:28.037897+00:00
2019-12-01,256.97,2026-08-09T06:38:28.037897+00:00
2020-01-01,257.97,2026-08-09T06:38:28.037897+00:00
2020-02-01,258.68,2026-08-09T06:38:28.037897+00:00
2020-03-01,258.12,2026-08-09T06:38:28.037897+00:00
2020-04-01,256.39,2026-08-09T06:38:28.037897+00:00
2020-05-01,256.39,2026-08-09T06:38:28.037897+00:00
2020-06-01,257.8,2026-08-09T06:38:28.037897+00:00
2020-07-01,259.1,2026-08-09T06:38:28.037897+00:00
2020-08-01,259.92,2026-08-09T06:38:28.037897+00:00
2020-09-01,260.28,2026-08-09T06:38:28.037897+00:00
2020-10-01,260.39,2026-08-09T06:38:28.037897+00:00
2020-11-01,260.23,2026-08-09T06:38:28.037897+00:00
2020-12-01,260.47,2026-08-09T06:38:28.037897+00:00
2021-01-01,261.58,2026-08-09T06:38:28.037897+00:00
2021-02-01,263.01,2026-08-09T06:38:28.037897+00:00
2021-03-01,264.88,2026-08-09T06:38:28.037897+00:00
2021-04-01,267.05,2026-08-09T06:38:28.037897+00:00
2021-05-01,269.19,2026-08-09T06:38:28.037897+00:00
2021-06-01,271.7,2026-08-09T06:38:28.037897+00:00
2021-07-01,273.0,2026-08-09T06:38:28.037897+00:00
2021-08-01,273.57,2026-08-09T06:38:28.037897+00:00
2021-09-01,274.31,2026-08-09T06:38:28.037897+00:00
2021-10-01,276.59,2026-08-09T06:38:28.037897+00:00
2021-11-01,277.95,2026-08-09T06:38:28.037897+00:00
2021-12-01,278.8,2026-08-09T06:38:28.037897+00:00
2022-01-01,281.15,2026-08-09T06:38:28.037897+00:00
2022-02-01,283.72,2026-08-09T06:38:28.037897+00:00
2022-03-01,287.5,2026-08-09T06:38:28.037897+00:00
2022-04-01,289.11,2026-08-09T06:38:28.037897+00:00
2022-05-01,292.3,2026-08-09T06:38:28.037897+00:00
2022-06-01,296.31,2026-08-09T06:38:28.037897+00:00
2022-07-01,296.28,2026-08-09T06:38:28.037897+00:00
2022-08-01,296.17,2026-08-09T06:38:28.037897+00:00
2022-09-01,296.81,2026-08-09T06:38:28.037897+00:00
2022-10-01,298.01,2026-08-09T06:38:28.037897+00:00
2022-11-01,297.71,2026-08-09T06:38:28.037897+00:00
2022-12-01,296.8,2026-08-09T06:38:28.037897+00:00
2023-01-01,299.17,2026-08-09T06:38:28.037897+00:00
2023-02-01,300.84,2026-08-09T06:38:28.037897+00:00
2023-03-01,301.67,2026-08-09T06:38:28.037897+00:00
2023-04-01,303.36,2026-08-09T06:38:28.037897+00:00
2023-05-01,304.13,2026-08-09T06:38:28.037897+00:00
2023-06-01,305.11,2026-08-09T06:38:28.037897+00:00
2023-07-01,305.69,2026-08-09T06:38:28.037897+00:00
2023-08-01,305.98,2026-08-09T06:38:28.037897+00:00
2023-09-01,306.13,2026-08-09T06:38:28.037897+00:00
